牛丼（並）,650,20.0,22.0,88.0
牛丼（大盛）,845,26.0,28.6,114.4
牛丼（特盛）,1040,32.0,35.2,140.8
豚丼,680,22.0,19.0,95.0
親子丼,550,25.0,12.0,80.0
カツ丼,850,28.0,30.0,110.0
天丼,700,16.0,18.0,112.0
うな丼,620,23.0,21.0,78.0
海鮮丼,500,24.0,5.0,82.0
ネギトロ丼,580,20.0,12.0,85.0
中華丼,520,15.0,14.0,78.0
麻婆豆腐丼,630,18.0,19.0,88.0
ステーキ丼,690,26.0,22.0,85.0
カルビ丼,750,22.0,28.0,90.0
ビビンバ丼,580,16.0,12.0,95.0
しらす丼,420,14.0,3.5,78.0
いくら丼,510,22.0,9.0,80.0
タレカツ丼,890,26.0,32.0,115.0
ソースカツ丼,870,27.0,31.0,112.0
エビフライ丼,760,18.0,24.0,108.0
まぐろユッケ丼,560,24.0,9.5,84.0
サーモンアボカド丼,640,22.0,21.0,82.0
とろろマグロ丼,510,23.0,4.5,86.0
穴子丼,590,21.0,10.0,98.0
ネギ塩豚カルビ丼,740,21.0,29.0,91.0
そぼろ丼,590,22.0,14.0,88.0
スタミナ丼,780,25.0,32.0,95.0
天津飯,610,16.0,18.0,92.0
から揚げマヨ丼,880,28.0,38.0,102.0
きつねうどん,400,14.0,5.0,71.0
たぬきうどん,420,10.0,10.0,70.0
月見うどん,380,14.0,7.0,62.0
肉うどん,520,20.0,14.0,73.0
カレーうどん,550,15.0,13.0,88.0
天ぷらうどん,580,16.0,17.0,85.0
ざるうどん,310,8.0,1.0,65.0
釜玉うどん,390,13.0,7.0,66.0
鍋焼きうどん,600,24.0,15.0,82.0
ちくわ天うどん,490,13.0,11.0,81.0
えび天うどん,510,14.0,12.0,80.0
梅おろしうどん,330,8.5,1.2,69.0
コロッケうどん,490,11.0,11.0,84.0
冷やしうどん,340,9.0,1.0,71.0
ちからうどん,480,12.0,3.0,98.0
山菜うどん,330,9.0,1.2,70.0
明太クリームうどん,560,16.0,19.0,80.0
けんちんうどん,430,12.0,6.0,81.0
味噌煮込みうどん,580,20.0,12.0,96.0
焼きうどん,460,11.0,12.0,76.0
ざるそば,330,12.0,2.0,64.0
かけそば,300,11.0,1.5,58.0
天ぷらそば,560,18.0,18.0,78.0
肉そば,500,22.0,13.0,70.0
とろろそば,370,14.0,2.0,72.0
鴨南蛮そば,530,24.0,14.0,69.0
月見そば,390,16.0,7.5,63.0
山菜そば,340,12.0,1.8,68.0
おろしそば,320,11.0,1.5,65.0
たぬきそば,430,12.0,11.0,70.0
きつねそば,410,15.0,6.0,72.0
天ぷらせいろ,580,18.0,19.0,83.0
鴨せいろ,540,23.0,13.0,81.0
カレー南蛮そば,520,16.0,11.0,87.0
醤油ラーメン,450,18.0,10.0,68.0
味噌ラーメン,550,22.0,18.0,72.0
塩ラーメン,430,16.0,9.0,66.0
豚骨ラーメン,620,24.0,26.0,68.0
チャーシュー麺,750,38.0,28.0,70.0
つけ麺,800,28.0,22.0,115.0
担々麺,720,22.0,32.0,78.0
油そば,780,20.0,35.0,92.0
ちゃんぽん,590,24.0,16.0,82.0
背脂醤油ラーメン,680,23.0,32.0,71.0
鶏白湯ラーメン,640,26.0,24.0,72.0
柚子塩ラーメン,410,15.0,7.5,67.0
野菜タンメン,510,19.0,13.0,76.0
汁なし担々麺,740,21.0,34.0,83.0
カレーラーメン,610,18.0,19.0,87.0
冷麺,460,12.0,4.0,92.0
焼きそば,480,12.0,14.0,74.0
冷やし中華,520,18.0,10.0,84.0
ミートソースパスタ,600,20.0,16.0,88.0
カルボナーラ,750,22.0,34.0,82.0
ペペロンチーノ,510,12.0,18.0,72.0
ナポリタン,580,14.0,15.0,90.0
たらこパスタ,520,18.0,14.0,78.0
和風きのこパスタ,430,11.0,9.5,74.0
明太子クリームパスタ,680,19.0,26.0,83.0
ボンゴレ,490,16.0,12.0,72.0
エビのトマトクリームパスタ,640,20.0,22.0,81.0
ジェノベーゼパスタ,580,13.0,26.0,71.0
ツナパスタ,530,18.0,15.0,79.0
ハンバーガー,260,13.0,9.0,30.0
チーズバーガー,310,16.0,13.0,31.0
てりやきバーガー,480,15.0,24.0,48.0
フィッシュバーガー,390,14.0,18.0,41.0
チキンバーガー,430,18.0,19.0,45.0
ダブルチーズバーガー,610,34.0,36.0,35.0
フライドポテト（M）,410,5.0,20.0,51.0
フライドポテト（L）,520,6.5,25.0,65.0
チキンナゲット（5個）,270,15.0,17.0,13.0
から揚げ定食,880,35.0,32.0,105.0
ハンバーグ定食,790,28.0,28.0,98.0
生姜焼き定食,730,26.0,24.0,96.0
とんかつ定食,950,32.0,38.0,112.0
チキン南蛮定食,1020,38.0,45.0,108.0
焼き魚定食（鮭）,580,28.0,12.0,88.0
焼き魚定食（鯖）,680,26.0,24.0,86.0
天ぷら定食,820,22.0,24.0,118.0
焼肉定食,850,28.0,30.0,102.0
餃子定食,710,20.0,21.0,101.0
麻婆豆腐定食,680,21.0,22.0,96.0
サバの味噌煮定食,720,25.0,22.0,98.0
ホッケ定食,620,29.0,14.0,87.0
ブリ照り焼き定食,690,26.0,20.0,94.0
刺身定食,520,25.0,6.0,89.0
白米（茶碗1杯）,240,3.8,0.4,53.4
玄米（茶碗1杯）,230,4.2,1.4,49.0
おかゆ,110,1.8,0.1,24.0
赤飯（茶碗1杯）,290,5.8,0.8,63.0
食パン（6枚切1枚）,160,5.5,2.0,28.0
クロワッサン,180,3.5,11.0,16.0
カレーパン,320,7.5,15.0,38.0
あんぱん,280,7.0,4.5,53.0
メロンパン,350,7.0,10.0,58.0
サンドイッチ（たまご）,280,9.0,16.0,24.0
サンドイッチ（ハム）,240,10.0,11.0,25.0
カツサンド,480,16.0,22.0,45.0
おにぎり（鮭）,170,4.5,1.0,35.0
おにぎり（梅）,160,3.2,0.4,36.0
おにぎり（ツナマヨ）,210,4.8,5.5,34.0
おにぎり（明太子）,175,4.6,0.9,35.5
おにぎり（から揚げ）,230,5.5,6.5,36.0
おにぎり（天むす）,210,4.0,4.5,37.0
おにぎり（焼きおにぎり）,175,3.5,0.5,38.0
サラダチキン（プレーン）,110,24.0,1.2,0.3
サラダチキン（ハーブ）,112,23.8,1.3,0.5
サラダチキン（スモーク）,115,24.1,1.5,0.2
コロッケ,180,3.0,9.0,21.0
フライドチキン,240,15.0,14.0,12.0
メンチカツ,180,7.5,12.0,10.5
春巻き,150,4.0,9.0,13.0
おでん（大根）,15,0.5,0.1,3.0
おでん（たまご）,80,6.5,5.5,1.0
おでん（ちくわ）,50,4.5,0.5,6.5
おでん（はんぺん）,45,4.8,0.2,5.8
おでん（牛すじ）,40,5.5,1.8,0.2
おでん（もち巾着）,90,4.0,2.0,14.0
カップラーメン（醤油）,350,8.0,13.0,50.0
カップラーメン（味噌）,420,9.5,17.0,56.0
カップラーメン（豚骨）,450,10.0,21.0,53.0
カップうどん,420,8.5,16.0,59.0
カップそば,460,9.0,21.0,57.0
カップ焼きそば,520,9.5,24.0,66.0
幕の内弁当,680,22.0,20.0,98.0
のり弁当,650,18.0,19.0,101.0
チキン南蛮弁当,850,30.0,35.0,102.0
唐揚げ弁当,780,28.0,26.0,105.0
ハンバーグ弁当,720,24.0,24.0,98.0
鮭弁当,550,20.0,12.0,89.0
カレーライス,650,15.0,18.0,102.0
キーマカレー,620,20.0,20.0,86.0
ハヤシライス,680,14.0,20.0,106.0
オムライス,650,18.0,19.0,96.0
チャーハン,600,14.0,16.0,95.0
高菜チャーハン,570,12.0,14.0,96.0
キムチチャーハン,590,13.0,15.0,96.0
カツカレー,980,26.0,38.0,132.0
スープカレー,450,18.0,16.0,58.0
バターチキンカレー,630,20.0,25.0,78.0
オムカレー,720,19.0,24.0,103.0
グリーンカレー,580,18.0,24.0,72.0
卵（1個）,76,6.2,5.2,0.2
オムレツ,220,12.0,17.0,3.0
スクランブルエッグ,180,11.0,14.0,1.5
目玉焼き（2個）,190,12.5,14.5,0.6
卵焼き,140,9.0,10.0,2.5
茶碗蒸し,80,6.5,4.0,3.5
温泉卵,75,6.2,5.2,0.2
だし巻き卵,130,9.0,9.0,2.8
味噌汁,45,2.5,1.2,5.5
豚汁,180,11.0,11.0,9.0
クリームシチュー,320,12.0,18.0,26.0
ビーフシチュー,380,18.0,22.0,24.0
肉じゃが,280,9.0,8.0,38.0
筑前煮,210,11.0,6.0,26.0
サバの塩焼き,290,20.0,22.0,0.2
サバの味噌煮,340,19.0,21.0,11.0
鮭の塩焼き,160,22.0,7.5,0.1
ブリの照り焼き,260,21.0,15.0,6.0
さんまの塩焼き,280,18.0,22.0,0.1
エビフライ（2本）,180,11.0,10.0,11.0
アジフライ,210,13.0,12.0,11.0
餃子（6個）,270,9.5,12.5,27.0
シュウマイ（5個）,210,9.0,11.0,18.0
回鍋肉,320,12.0,24.0,11.0
酢豚,360,14.0,18.0,32.0
麻婆豆腐,340,16.0,24.0,12.0
エビチリ,230,13.0,11.0,18.0
エビマヨ,290,11.0,21.0,14.0
から揚げ（3個）,290,17.0,19.0,11.0
チキンカツ,430,24.0,26.0,22.0
チキン南蛮,520,25.0,36.0,21.0
油淋鶏,410,21.0,28.0,16.0
棒々鶏,220,19.0,12.0,7.0
よだれ鶏,260,22.0,15.0,6.0
焼き鳥（ねぎま2本）,140,15.0,5.5,6.0
焼き鳥（かわ2本）,220,9.0,20.0,0.2
焼き鳥（つくね2本）,180,13.0,9.5,8.5
豚の生姜焼き,340,21.0,24.0,7.5
とんかつ（ロース）,510,22.0,38.0,16.0
とんかつ（ヒレ）,380,26.0,22.0,17.0
豚キムチ炒め,310,15.0,23.0,7.0
豚の角煮,380,18.0,30.0,8.0
ハンバーグ（デミグラス）,350,18.0,23.0,14.0
和風おろしハンバーグ,280,18.0,17.0,11.0
煮込みハンバーグ,380,19.0,24.0,18.0
ビーフステーキ,460,40.0,32.0,0.8
ポテトサラダ,170,2.5,11.0,15.0
マカロニサラダ,210,4.0,13.0,19.0
シーザーサラダ,120,3.0,10.0,4.5
チキンサラダ,140,15.0,7.5,3.0
わかめサラダ,35,0.8,1.5,4.5
タコ焼き（6個）,270,7.0,9.0,39.0
お好み焼き（豚玉）,540,19.0,22.0,65.0
肉まん,250,8.5,6.5,39.0
ポテトチップス,336,2.9,21.6,32.4
バニラアイス,220,3.5,12.0,23.0
チョコモナカジャンボ,300,4.0,17.0,32.0
ハーゲンダッツ（バニラ）,244,4.2,16.3,20.0
ガリガリ君,70,0.0,0.0,18.0
ショートケーキ,350,4.0,22.0,34.0
チーズケーキ,320,6.5,24.0,21.0
シュークリーム,220,4.5,14.0,19.0
カスタードプリン,130,4.5,5.0,16.0
ホットケーキ,260,6.5,5.0,46.0
みたらし団子（1本）,120,1.5,0.3,27.0
大福,235,4.0,0.6,53.5
どら焼き,260,5.8,1.8,55.0
たい焼き,220,5.5,1.2,46.0
わらび餅,170,1.0,0.2,41.0
コカコーラ（500ml）,225,0.0,0.0,56.5
ポカリスエット（500ml）,125,0.0,0.0,31.0
アクエリアス（500ml）,95,0.0,0.0,23.5
モンスターエナジー,175,0.0,0.0,43.0
レッドブル（250ml）,115,0.0,0.0,27.0
緑茶（ペットボトル）,0,0.0,0.0,0.0
烏龍茶（ペットボトル）,0,0.0,0.0,0.0
麦茶（ペットボトル）,0,0.0,0.0,0.0
ブラックコーヒー,0,0.0,0.0,0.0
微糖コーヒー,75,1.2,0.8,15.5
カフェオレ,240,4.5,4.0,46.0
カフェラテ,150,5.2,5.5,19.5
牛乳（200ml）,137,6.8,7.8,9.9
豆乳（200ml）,92,8.3,4.4,4.8
生ビール（中ジョッキ）,200,1.5,0.0,15.0
ビール（350ml）,147,1.0,0.0,10.5
ハイボール,170,0.0,0.0,0.0
レモンサワー,168,0.0,0.0,16.8
日本酒（1合）,185,0.7,0.0,6.5
赤ワイン（グラス）,85,0.2,0.0,1.8
プレーンヨーグルト（100g）,62,3.6,3.0,4.9
ギリシャヨーグルト（100g）,100,10.0,5.0,3.8
納豆（1パック）,100,8.2,5.0,6.0
木綿豆腐（1丁）,216,21.0,12.6,4.8
鶏むね肉（皮なし100g）,108,22.3,1.5,0.0
鶏もも肉（100g）,190,16.2,14.0,0.0
鶏ささみ（100g）,105,23.0,0.8,0.0
豚ロース（100g）,263,19.3,19.2,0.2
豚バラ（100g）,386,14.2,35.4,0.1
豚ヒレ（100g）,115,22.8,1.9,0.2
牛サーロイン（100g）,298,17.4,23.7,0.3
牛モモ（100g）,165,21.3,8.7,0.5
合い挽き肉（100g）,224,17.1,17.2,0.3
マグロ（赤身100g）,125,26.4,1.4,0.1
マグロ（中トロ100g）,344,21.4,27.5,0.1
サバ（100g）,211,20.6,16.5,0.1
鮭（100g）,140,17.5,7.0,0.1
むきエビ（100g）,82,19.6,0.7,0.0
ホタテ（3個）,72,13.5,0.7,1.5
ツナ缶（ノンオイル）,50,11.5,0.3,0.2
ツナ缶（オイル）,200,12.5,16.0,0.1
サバ缶（水煮）,380,31.0,28.0,0.0
マヨネーズ（大さじ1）,84,0.1,9.0,0.1
ケチャップ（大さじ1）,18,0.2,0.0,4.3
醤油（大さじ1）,13,1.4,0.0,1.4
オリーブオイル（大さじ1）,111,0.0,12.0,0.0
ごま油（大さじ1）,111,0.0,12.0,0.0
バナナ（1本）,86,1.1,0.2,22.5
りんご（1/2個）,70,0.2,0.1,18.0
みかん（1個）,35,0.5,0.1,9.0
アボカド（1個）,250,3.5,26.0,8.5
ブロッコリー（100g）,33,4.3,0.5,5.2
キャベツ（100g）,23,1.3,0.2,5.2
トマト（1個）,30,1.1,0.2,7.2
じゃがいも（1個）,75,1.6,0.1,17.5
さつまいも（1本）,240,2.4,0.4,58.0
素焼きアーモンド,150,5.0,13.5,5.0
ミックスナッツ,180,5.0,16.0,4.5
オートミール（30g）,114,4.1,1.7,20.7
プロテイン（1杯）,95,18.0,1.5,2.0
ウイスキー（シングル）,75,0.0,0.0,0.0
梅酒（ロック1杯）,150,0.1,0.0,20.0
カニカマ（1本）,12,1.2,0.1,1.5
魚肉ソーセージ（1本）,120,7.0,5.5,10.5
ちくわ（1本）,35,3.2,0.3,4.8
はんぺん（1枚）,90,9.5,0.3,11.5
さつま揚げ（1枚）,85,7.5,3.0,6.5
さきいか,85,13.5,0.5,6.0
あたりめ,90,19.5,1.1,0.2
柿の種,150,4.0,4.3,23.8
ハイカカオチョコ,85,1.4,6.2,5.8
ゼリー,80,0.5,0.0,19.5
コカコーラゼロ,0,0.0,0.0,0.0
ノンアルコールビール,0,0.0,0.0,0.0
ウコンの力,25,0.0,0.0,6.0
リポビタンD,74,0.0,0.0,17.5
食品名（よみがな）,カロリー(kcal),タンパク質(g),脂質(g),炭水化物(g)
牛丼（ぎゅうどん）,730,20.5,25.0,98.0
親子丼（おやこどん）,650,28.0,15.0,92.0
カツ丼（かつどん）,920,32.0,35.0,110.0
天丼（てんどん）,780,18.0,22.0,115.0
うな丼（うなどん）,680,24.0,21.0,90.0
中華丼（ちゅうかどん）,620,18.5,14.0,98.0
豚丼（ぶたどん）,750,22.0,24.0,102.0
ネギトロ丼（ねぎとろどん）,610,22.5,16.5,85.5
海鮮丼（かいせんどん）,580,26.0,6.0,95.0
ステーキ丼（すてーきどん）,790,30.5,28.0,94.0
ロコモコ丼（ろこもこどん）,780,26.5,30.0,92.0
三色丼（さんしょくどん）,590,22.0,12.0,88.0
しらす丼（しらすどん）,480,18.0,4.5,84.0
麻婆豆腐丼（まーぼーどうふどん）,720,21.0,23.0,99.0
回鍋肉丼（ほいこーろーどん）,760,19.5,26.5,103.0
醤油ラーメン（しょうゆらーめん）,470,18.5,10.0,68.0
味噌ラーメン（みそらーめん）,550,22.0,16.5,72.0
塩ラーメン（しおらーめん）,450,17.0,9.0,67.5
豚骨ラーメン（とんこつらーめん）,620,24.0,26.0,65.0
つけ麺（つけめん）,780,28.5,18.0,118.0
担々麺（たんたんめん）,710,23.0,32.0,74.0
チャーシュー麺（ちゃーしゅーめん）,680,35.0,22.0,70.0
ワンタン麺（わんたんめん）,530,20.0,12.5,78.0
油そば（あぶらそば）,760,21.5,34.0,85.0
汁なし担々麺（しるなしたんたんめん）,730,22.0,35.0,76.0
長崎ちゃんぽん（ながさきちゃんぽん）,590,24.5,15.0,82.0
皿うどん（さらうどん）,640,18.0,22.0,86.0
サンマー麺（さんまーめん）,520,17.5,13.0,77.0
冷やし中華（ひやしちゅうか）,510,16.5,8.0,87.0
辛味噌ラーメン（からみそらーめん）,580,22.5,18.5,73.0
かけうどん（かけうどん）,320,8.5,1.0,66.5
きつねうどん（きつねうどん）,410,13.0,6.0,73.0
たぬきうどん（たぬきうどん）,390,9.5,7.5,68.0
月見うどん（つきみうどん）,390,14.5,6.5,67.0
天ぷらうどん（てんぷらうどん）,540,14.0,16.0,81.0
カレーうどん（かれーうどん）,520,15.0,12.0,84.0
肉うどん（にくうどん）,510,18.5,11.5,76.0
力うどん（ちからうどん）,530,12.0,3.0,108.0
鍋焼きうどん（なべやきうどん）,580,21.0,13.5,89.0
釜玉うどん（かまたまうどん）,390,14.0,6.0,67.0
ぶっかけうどん（ぶっかけうどん）,330,8.5,1.0,68.5
ざるうどん（ざるうどん）,310,8.0,0.8,65.0
サラダうどん（さらだうどん）,430,12.5,14.0,61.0
明太クリームうどん（めんたいくりーむうどん）,590,16.0,21.0,80.0
焼うどん（やきうどん）,480,13.5,11.0,78.0
かけそば（かけそば）,340,12.0,2.0,66.0
ざるそば（ざるそば）,320,11.5,1.5,63.0
天ざるそば（てんざるそば）,560,17.5,16.5,82.0
とろろそば（とろろそば）,390,14.0,2.2,75.0
おろしそば（おろしそば）,350,12.5,1.8,68.0
肉そば（にくそば）,530,22.0,12.5,76.5
鴨南蛮そば（かもなんばんそば）,510,24.0,11.0,74.0
にしんそば（にしんそば）,490,23.5,9.5,73.0
山菜そば（さんさいそば）,360,12.5,2.0,70.0
たぬきそば（たぬきそば）,410,13.0,8.5,67.5
きつねそば（きつねそば）,430,16.5,7.0,72.5
カレーそば（かれーそば）,540,18.5,13.0,83.0
月見そば（つきみそば）,410,18.0,7.5,66.5
ちからそば（ちからそば）,550,15.5,3.5,107.5
ミートソースパスタ（みーとそーすぱすた）,620,22.0,16.5,91.0
カルボナーラ（かるぼなーら）,740,24.5,32.0,82.0
ペペロンチーノ（ぺぺろんちーの）,510,12.0,18.0,73.0
ナポリタン（なぽりたん）,650,15.5,19.5,98.0
たらこパスタ（たらこぱすた）,530,19.0,14.0,78.0
明太子パスタ（めんたいこぱすた）,540,19.5,14.5,78.0
ボンゴレビアンコ（ぼんごれびあんこ）,480,16.5,11.5,74.0
ジェノベーゼパスタ（じぇのべーぜぱすた）,610,13.5,26.0,76.0
イカスミパスタ（いかすみぱすた）,530,18.0,13.5,81.0
スープパスタ（すーぷぱすた）,460,15.0,10.0,74.0
和風きのこパスタ（わふうきのこぱすた）,440,13.0,9.5,72.0
ナスとトマトのパスタ（なすととまとの方すた）,550,14.5,15.0,84.0
エビのトマトクリームパスタ（えびのとまとくりーむぱすた）,670,21.0,22.5,90.0
ペスカトーレ（ぺすかとーれ）,560,24.0,12.0,85.0
マカロニグラタン（まかろにぐらたん）,480,16.5,20.0,54.0
ラザニア（らざにあ）,580,24.0,26.5,58.0
ハンバーガー（はんばーがー）,260,13.0,9.5,30.0
チーズバーガー（ちーずばーがー）,310,16.0,13.5,31.0
テリヤキバーガー（てりやきばーがー）,430,15.0,22.0,41.5
フィッシュバーガー（ふぃっしゅばーがー）,390,14.0,19.0,40.0
チキンバーガー（ちきんばーがー）,420,18.5,18.0,43.5
エビカツバーガー（えびかつばーがー）,410,12.5,20.0,44.0
ダブルチーズバーガー（だぶるちーずばーがー）,460,26.5,25.0,31.5
ライスバーガー（らいすばーがー）,340,9.5,8.0,56.0
ホットドッグ（ほっとどっぐ）,290,11.0,14.5,28.5
チリドッグ（ちりどっぐ）,340,13.5,16.5,31.0
とんかつ定食（とんかつていしょく）,890,32.5,38.0,98.0
唐揚げ定食（からあげていしょく）,820,36.0,28.0,101.0
生姜焼き定食（しょうがやきていしょく）,740,29.0,22.0,99.5
焼き魚定食（鮭）（やきざかなていしょくさけ）,560,28.5,12.0,82.0
サバの味噌煮定食（さばのみそにていしょく）,680,26.5,18.5,96.0
ハンバーグ定食（はんばーぐていしょく）,790,28.0,26.0,105.0
刺身定食（さしみていしょく）,520,27.0,5.0,86.0
天ぷら定食（てんぷらていしょく）,760,20.0,21.0,113.0
チキン南蛮定食（ちきんなんばんていしょく）,950,38.0,42.0,102.0
コロッケ定食（ころっけていしょく）,690,15.5,20.0,106.0
メンチカツ定食（めんちかつていしょく）,810,24.0,31.0,103.0
アジフライ定食（あじふらいていしょく）,710,23.5,21.5,100.0
レバニラ炒め定食（ればにらいためていしょく）,660,27.5,16.0,94.0
肉野菜炒め定食（にくやさいいためていしょく）,630,21.0,18.5,92.5
餃子定食（ぎょうざていしょく）,720,22.5,21.0,104.0
幕の内弁当（まくのうちべんとう）,680,22.0,18.0,103.0
鮭弁当（さけべんとう）,590,24.0,13.5,89.0
から揚げ弁当（からあげべんとう）,780,31.5,25.0,102.0
ハンバーグ弁当（はんばーぐべんとう）,740,24.0,23.5,104.0
のり弁当（のりべんとう）,620,17.0,16.5,97.0
チキン南蛮弁当（ちきんなんばんべんとう）,890,32.5,38.0,101.0
とんかつ弁当（とんかつべんとう）,840,28.0,34.0,100.0
牛焼肉弁当（ぎゅうやきにくべんとう）,790,24.5,26.0,108.0
豚生姜焼き弁当（ぶたしょうがやきべんとう）,710,25.0,20.5,101.5
中華弁当（ちゅうかべんとう）,730,21.5,22.0,106.0
そぼろ弁当（そぼろべんとう）,580,23.0,11.5,92.0
オムライス弁当（おむらいすべんとう）,640,18.5,17.0,99.0
チャーハン弁当（ちゃーはんべんとう）,720,19.0,20.5,108.0
すき焼き弁当（すきやきべんとう）,760,26.0,21.5,111.0
うなぎ弁当（うなぎべんとう）,710,25.5,22.0,96.5
ポークカレー（ぽーくかれー）,750,18.5,23.0,112.0
チキンカレー（ちきんかれー）,710,22.0,19.5,108.0
ビーフカレー（びーふかれー）,790,19.5,27.0,113.0
カツカレー（かつかれー）,1050,29.5,41.0,135.0
キーマカレー（きーまかれー）,680,21.0,22.5,94.0
シーフードカレー（しーふーどかれー）,660,23.0,14.0,106.0
野菜カレー（やさいかれー）,620,14.5,15.5,102.0
スープカレー（すーぷかれー）,540,21.5,16.0,74.0
ドライカレー（どらいかれー）,630,16.0,18.5,96.0
グリーンカレー（ぐりーんかれー）,670,19.0,28.0,82.0
バターチキンカレー（ばたーちきんかれー）,780,24.0,33.5,91.0
インデアンカレー（いんであんかれー）,720,18.0,20.0,112.0
カツハヤシ（かつはやし）,1020,28.0,39.5,131.0
ハヤシライス（はやしらいす）,730,16.5,21.5,114.0
ナン（なん）,260,8.0,2.5,50.0
サラダチキン（プレーン）（さらだちきんぷれーん）,110,24.0,1.5,0.0
サンドイッチ（たまご）（さんどいっちたまご）,280,9.5,16.0,23.5
サンドイッチ（ミックス）（さんどいっちみっくす）,260,10.5,12.5,25.0
チキンナゲット（ちきんなげっと）,230,12.5,14.0,13.0
フライドポテト（ふらいどぽてと）,320,3.5,15.5,41.0
肉まん（にくまん）,240,7.5,6.5,36.0
あんまん（あんまん）,260,6.0,2.5,52.5
ピザまん（ぴざまん）,220,7.0,6.0,33.5
カレーまん（かれーまん）,230,6.8,5.5,37.0
からあげ串（からあげくし）,210,11.0,13.5,10.5
アメリカンドッグ（あめりかんどっぐ）,280,6.5,12.0,35.0
コロッケ（お惣菜）（ころっけおそうざい）,180,3.0,9.5,20.5
メンチカツ（お惣菜）（めんちかつおそうざい）,250,8.5,17.0,15.0
春巻（はるまき）,140,3.5,8.0,13.5
おでん（大根）（おでんだいこん）,15,0.5,0.1,3.5
おでん（ちくわ）（おでんちくわ）,50,4.0,0.5,7.0
おでん（たまご）（おでんたまご）,80,6.5,5.5,1.0
おでん（こんにゃく）（おでんこんにゃく）,10,0.2,0.0,2.5
おでん（さつま揚げ）（おでんさつまあげ）,70,5.5,2.5,6.0
おにぎり（鮭）（おにぎりさけ）,170,4.5,1.0,35.0
おにぎり（梅）（おにぎりうめ）,160,3.0,0.3,36.0
おにぎり（昆布）（おにぎりこんぶ）,165,3.5,0.4,36.5
おにぎり（ツナマヨ）（おにぎりつなまよ）,210,4.0,5.5,35.5
おにぎり（明太子）（おにぎりめんたいこ）,170,4.8,0.8,35.5
おにぎり（おかか）（おにぎりおかか）,165,3.8,0.5,36.0
おにぎり（わかめ）（おにぎりわかめ）,160,3.2,0.4,35.5
おにぎり（赤飯）（おにぎりせきはん）,190,4.2,0.6,41.5
おにぎり（チャーハン）（おにぎりちゃーはん）,200,4.5,4.5,35.0
おにぎり（オムライス）（おにぎりおむらいす）,195,4.0,3.5,36.5
おにぎり（天むす）（おにぎりてんむす）,200,3.8,4.0,37.0
おにぎり（とり五目）（おにぎりとりごもく）,180,4.0,1.5,37.5
おにぎり（塩むすび）（おにぎりしおむすび）,160,2.8,0.3,35.5
おにぎり（高菜）（おにぎりたかな）,165,3.2,0.5,36.5
焼きおにぎり（やきおにぎり）,170,3.5,0.5,37.5
食パン（1枚・6枚切）（しょくぱんいちまいろくまいぎり）,160,5.5,2.0,30.0
あんパン（あんぱん）,280,7.5,4.5,52.0
ジャムパン（じゃむぱん）,265,5.8,2.8,54.0
クリームパン（くりーむぱん）,290,7.0,8.5,46.0
メロンパン（めろんぱん）,370,7.5,11.0,60.0
カレーパン（かれーぱん）,310,6.5,15.5,36.0
クロワッサン（くろわっさん）,180,3.5,11.0,17.0
チョココロネ（ちょこころね）,280,6.5,9.5,42.0
フレンチトースト（ふれんちとーすと）,290,8.5,11.5,38.0
サンドイッチ（ハムレタス）（さんどいっちはむれたす）,240,9.0,10.5,26.0
カツサンド（かつさんど）,450,14.5,21.0,48.5
たまごロール（たまごろーる）,260,8.0,14.0,24.0
焼きそばパン（やきそばぱん）,290,7.5,8.5,45.5
ウインナーパン（ういんなーぱん）,310,9.0,17.5,28.0
チーズ蒸しパン（ちーずむしぱん）,330,6.0,13.0,46.0
ツイストドーナツ（ついすとどーなつ）,270,4.5,13.5,32.5
肉じゃが（にくじゃが）,280,12.5,10.0,32.0
筑前煮（ちくぜんに）,190,11.5,6.0,22.0
サバの塩焼き（さばのしおやき）,290,20.0,23.0,0.2
お好み焼き（お好み焼き豚玉）（おこのみやきぶたたま）,540,19.5,22.0,64.0
たこ焼き（8個）（たこやきはちこ）,320,10.5,11.0,43.0
焼きそば（やきそば）,490,12.5,14.5,75.0
冷奴（ひややっこ）,80,7.0,4.5,2.5
湯豆腐（ゆどうふ）,110,9.5,6.0,4.0
きんぴらごぼう（きんぴらごぼう）,90,1.8,3.5,12.5
ひじきの煮物（ひじきのにもの）,70,2.5,2.0,10.5
ほうれん草のお浸し（ほうれんそうのおひたし）,25,2.0,0.2,3.5
茶碗蒸し（ちゃわんむし）,80,6.5,4.0,3.5
厚揚げの煮物（あつあげのにもの）,160,9.0,11.5,4.5
卵焼き（たまごやき）,120,8.0,9.0,1.5
スクランブルエッグ（すくらんぶるえっぐ）,140,9.0,11.0,1.0
目玉焼き（めだまやき）,90,6.5,7.0,0.3
ポテトサラダ（ぽてとさらだ）,170,2.5,11.5,14.0
マカロニサラダ（まかろにさらだ）,210,3.5,14.0,17.5
シーザーサラダ（しーざーさらだ）,150,3.5,13.5,4.0
キャベツの千切り（きゃべつのせんぎり）,25,1.0,0.1,5.5
トマトサラダ（とまとさらだ）,35,0.7,0.1,8.0
カボチャの煮物（かぼちゃのにもの）,110,1.8,0.3,25.0
ナスの揚げ浸し（なすのあげびたし）,130,1.2,11.0,7.5
ゴーヤチャンプルー（ごーやちゃんぷるー）,260,14.5,18.0,7.5
から揚げ（単品・3個）（からあげたんぴんさんこ）,270,16.5,18.5,8.0
とんかつ（単品）（とんかつたんぴん）,480,22.0,34.0,18.0
エビフライ（2本）（えびふらいにほん）,190,11.0,11.5,10.0
アジフライ（単品）（あじふらいたんぴん）,220,13.0,12.5,12.0
コロッケ（単品）（ころっけたんぴん）,160,2.5,8.5,18.0
チキンカツ（単品）（ちきんかつたんぴん）,390,24.0,22.0,20.0
春巻き（単品・2本）（はるまきたんぴんにほん）,280,7.0,16.0,27.0
餃子（単品・6個）（ぎょうざたんぴんろっこ）,240,8.5,11.0,26.0
シューマイ（5個）（しゅーまいごこ）,180,9.0,9.5,14.0
小籠包（3個）（argumentしょうろんぽうさんこ）,150,7.5,8.0,11.5
麻婆豆腐（まーぼーどうふ）,340,15.0,24.0,12.0
酢豚（すぶた）,420,16.5,23.0,33.0
回鍋肉（ほいこーろー）,380,13.0,29.0,14.0
青椒肉絲（ちんじゃおろーす）,290,14.0,19.5,11.0
エビのチリソース（えびのちりそーす）,220,13.5,10.5,16.0
八宝菜（はっぽうさい）,240,12.0,14.0,14.5
かに玉（かにたま）,270,14.0,19.0,9.5
豚キムチ炒め（ぶたきむちいため）,310,16.0,23.5,6.5
食品名（よみがな）,カロリー(kcal),タンパク質(g),脂質(g),炭水化物(g)
ショートケーキ（しょーとけーき）,310,4.0,19.0,30.0
チョコケーキ（ちょこけーき）,340,5.0,22.0,32.0
チーズケーキ（ちーずけーき）,290,6.5,20.0,21.0
モンブラン（もんぶらん）,360,4.2,16.0,48.0
シュークリーム（しゅーくりーむ）,210,4.5,13.5,17.5
エクレア（えくれあ）,230,4.8,15.0,19.0
プリン（ぷりん）,130,4.0,4.5,18.0
みたらし団子（3本）（みたらしだんごさんぼん）,350,4.5,0.6,81.0
あん団子（3本）（あんだんごさんぼん）,380,6.5,0.6,86.5
大福（だいふく）,230,3.5,0.5,53.0
どら焼き（どらやき）,250,5.0,2.5,52.0
たい焼き（たいやき）,220,5.5,1.2,46.0
今川焼き（あずき）（いまがわやきあずき）,210,5.0,1.5,44.0
カステラ（1切れ）（かすてらいっきれ）,140,3.0,1.4,29.0
羊羹（1切れ）（ようかんいっきれ）,120,1.5,0.1,28.0
わらび餅（わらびもち）,170,0.5,0.2,42.0
せんべい（醤油・2枚）（せんべいしょうゆにまい）,100,2.0,0.4,22.0
ポテトチップス（うすしお・1袋）（ぽてとちっぷすうすしおひとふくろ）,330,2.8,21.0,32.0
チョコレート（1枚・50g）（ちょこれーといちまいごじゅうぐらむ）,280,4.0,17.5,26.5
バニラアイス（ばにらあいす）,220,3.5,12.0,24.0
クッキー（3枚）（くっきーさんまい）,150,1.8,7.5,18.5
マドレーヌ（まどれーぬ）,160,2.2,9.0,17.5
フィナンシェ（ふぃなんしぇ）,150,2.0,9.5,14.0
ドーナツ（プレーン）（どーなつぷれーん）,220,3.0,12.5,24.0
ポップコーン（塩・1袋）（ぽっぷこーんしおひとふくろ）,240,4.5,11.5,30.0
ポテトフライ（スナック）（ぽてとふらいすなっく）,140,1.5,7.0,17.5
クラッカー（5枚）（くらっかーごまい）,90,1.8,2.8,14.0
かりんとう（かりんとう）,210,2.5,8.0,32.0
柿の種（1袋・小袋）（かきのたねひとふくろこぶくろ）,130,3.0,3.5,21.5
ラムネ（らむね）,110,0.0,0.0,27.5
ソフトクリーム（そふとくりーむ）,190,4.0,6.5,29.0
フルーツタルト（ふるーつたると）,280,3.5,14.0,35.0
アップルパイ（あっぷるぱい）,320,3.0,18.0,36.5
ホットケーキ（2枚・はちみつ付）（ほっとけーきにまいはちみつつき）,460,9.5,10.0,82.0
ガトーショコラ（がとーしょこら）,350,5.5,23.0,30.0
マカロン（2個）（まかろんにこ）,140,2.2,6.0,19.0
バウムクーヘン（1切れ）（ばうむくーへんいっきれ）,240,3.8,13.5,25.5
コーヒー（ブラック）（こーひーぶらっく）,5,0.2,0.0,1.0
カフェラテ（無糖）（かふぇらてむとう）,60,3.5,3.2,4.5
カプチーノ（かぷちーの）,65,3.6,3.3,5.0
煎茶（せんちゃ）,2,0.1,0.0,0.4
ほうじ茶（ほうじちゃ）,1,0.0,0.0,0.2
ウーロン茶（うーろんちゃ）,1,0.0,0.0,0.2
麦茶（むぎちゃ）,1,0.1,0.0,0.3
オレンジジュース（おれんじじゅーす）,90,1.5,0.2,21.0
リンゴジュース（りんごじゅーす）,95,0.4,0.1,23.0
グレープフルーツジュース（ぐれーぷふるーつじゅーす）,85,1.2,0.1,20.0
トマトジュース（とまとじゅーす）,40,1.5,0.2,8.0
コーラ（こーら）,230,0.0,0.0,57.5
サイダー（さいだー）,210,0.0,0.0,52.5
ジンジャーエール（じんじゃーえーる）,190,0.0,0.0,47.5
スポーツドリンク（すぽーつどりんく）,55,0.0,0.0,13.5
エナジードリンク（えなじーどりんく）,110,0.5,0.0,27.0
牛乳（200ml）（ぎゅうにゅうにひゃくみりりっとる）,135,6.8,7.8,9.6
豆乳（成分調整・200ml）（とうにゅうせいぶんちょうせいにひゃくみりりっとる）,115,7.0,5.5,9.0
のむヨーグルト（のむよーぐると）,130,4.5,2.5,22.0
甘酒（あまざけ）,140,2.0,0.2,32.5
ココア（ホット）（ここあほっと）,160,4.5,4.8,24.5
カルピス（ウォーター）（かるぴすうぉーたー）,90,0.5,0.0,22.0
レモネード（れもねーど）,80,0.1,0.0,20.0
ビール（350ml）（びーるさんひゃくごじゅうみりりっとる）,140,1.0,0.0,10.5
発泡酒（350ml）（はっぽうしゅさんひゃくごじゅうみりりっとる）,120,0.5,0.0,8.5
缶チューハイ（レモン・350ml）（かんちゅーはいれもんさんひゃくごじゅうみりりっとる）,160,0.0,0.0,9.0
ハイボール（350ml）（はいぼーるさんひゃくごじゅうみりりっとる）,110,0.0,0.0,0.0
日本酒（1合・180ml）（にほんしゅいちごうひゃくはちじゅうみりりっとる）,190,0.7,0.0,9.0
焼酎（ロック・90ml）（しょうちゅーろっくきゅうじゅうみりりっとる）,130,0.0,0.0,0.0
赤ワイン（グラス・120ml）（あかわいんぐらすひゃくにじゅうみりりっとる）,85,0.2,0.0,2.0
白ワイン（グラス・120ml）（しろわいんぐらすひゃくにじゅうみりりっとる）,80,0.1,0.0,2.5
ウイスキー（シングル・30ml）（ういすきーしんぐるさんじゅうみりりっとる）,70,0.0,0.0,0.0
梅酒（ロック・90ml）（うめしゅろっくきゅうじゅうみりりっとる）,140,0.2,0.0,18.5
白米（ご飯茶碗1杯・150g）（はくまいごはんちゃわんいっぱひゃくごじゅうぐらむ）,240,3.8,0.5,55.5
玄米（ご飯茶碗1杯・150g）（げんまいごはんちゃわんいっぱひゃくごじゅうぐらむ）,230,4.2,1.5,51.5
もち麦ご飯（150g）（もちむぎごはんひゃくごじゅうぐらむ）,220,4.0,0.8,50.0
五穀米（150g）（ごこくまいひゃくごじゅうぐらむ）,235,4.3,0.9,52.5
うどん（生麺・1玉・200g）（うどんなまめんひとたまにひゃくぐらむ）,250,6.0,0.8,54.0
そば（生麺・1玉・200g）（そばなまめんひとたまにひゃくぐらむ）,260,10.0,1.6,52.0
中華麺（生麺・1玉・120g）（ちゅうかめんなまめんひとたまひゃくにじゅうぐらむ）,340,10.5,1.5,69.0
スパゲッティ（乾麺・100g）（すぱげってぃかんめんひゃくぐらむ）,360,12.0,2.0,72.0
マカロニ（乾麺・100g）（まかろにかんめんひゃくぐらむ）,360,12.0,1.8,73.0
食パン（100g）（しょくぱんひゃくぐらむ）,250,9.0,4.2,46.5
フランスパン（100g）（ふらんすぱんひゃくぐらむ）,280,9.5,1.3,57.5
ロールパン（1個）（ろーるぱんいっこ）,95,2.5,2.4,15.5
切り餅（1個・50g）（きりもちいっこごじゅうぐらむ）,115,2.0,0.3,26.0
鶏むね肉（皮なし・100g）（とりむねにくかわなしひゃくぐらむ）,105,22.5,1.5,0.0
鶏もも肉（皮つき・100g）（とりももにくかわつきひゃくぐらむ）,190,16.5,14.0,0.0
鶏手羽先（100g）（とりてばさきひゃくぐらむ）,210,17.5,16.0,0.0
豚ロース肉（脂身つき・100g）（ぶたろーすにくあぶらみつきひゃくぐらむ）,250,19.5,19.0,0.2
豚バラ肉（100g）（ぶたばらにくひゃくぐらむ）,370,14.0,35.0,0.1
豚ヒレ肉（100g）（ぶたひれにくひゃくぐらむ）,115,22.0,1.9,0.2
牛サーロイン肉（100g）（ぎゅうさーろいんにくひゃくぐらむ）,280,17.0,23.5,0.3
牛バラ肉（100g）（ぎゅうばらにくひゃくぐらむ）,360,14.5,33.0,0.2
牛ヒレ肉（100g）（ぎゅうひれにくひゃくぐらむ）,130,21.5,4.8,0.3
合挽き肉（100g）（あいびきにくひゃくぐらむ）,230,17.5,17.5,0.3
ウインナー（3本）（ういんなーさんぼん）,160,6.0,14.5,1.5
ロースハム（3枚）（ろーすはむさんまい）,60,8.0,3.0,0.5
ベーコン（2枚）（べーこんにまい）,120,4.5,11.5,0.3
サラダチキン（手作り・100g）（さらだちきんてづくりひゃくぐらむ）,110,24.0,1.5,0.0
真アジ（1尾・100g）（まあじいちびひゃくぐらむ）,115,20.0,4.5,0.1
真サバ（1切れ・100g）（まさばいっきれひゃくぐらむ）,210,20.5,16.5,0.3
生鮭（1切れ・100g）（なまさけいっきれひゃくぐらむ）,130,22.0,4.5,0.1
真鯛（1切れ・100g）（まだいいっきれひゃくぐらむ）,140,21.5,5.8,0.1
ブリ（1切れ・100g）（ぶりいっきれひゃくぐらむ）,240,21.5,17.5,0.3
マグロ（赤身・100g）（まぐろあかみひゃくぐらむ）,115,26.5,1.4,0.1
カツオ（秋・100g）（かつおあきひゃくぐらむ）,150,25.0,6.2,0.2
マイワシ（1尾・100g）（まいわしいちびひゃくぐらむ）,160,19.0,9.0,0.2
サンマ（1尾・100g）（さんまいちびひゃくぐらむ）,290,18.0,24.5,0.1
タコ（生・100g）（たこなまひゃくぐらむ）,75,16.0,0.7,0.1
イカ（生・100g）（いかなまひゃくぐらむ）,80,18.0,1.2,0.2
甘エビ（生・100g）（あまえびなまひゃくぐらむ）,85,19.0,0.5,0.1
ズワイガニ（生・100g）（ずわいがになまひゃくぐらむ）,65,14.0,0.4,0.2
アサリ（殻なし・100g）（あさりからなしひゃくぐらむ）,30,6.0,0.3,0.4
カキ（生・100g）（かきなまひゃくぐらむ）,60,6.5,1.4,4.8
しじみ（殻なし・100g）（しじみからなしひゃくぐらむ）,50,7.5,1.0,2.5
ほたて貝柱（生・100g）（ほたてかいばしらなまひゃくぐらむ）,90,17.0,0.9,3.5
キャベツ（100g）（きゃべつひゃくぐらむ）,23,1.3,0.2,5.2
白菜（100g）（はくさいひゃくぐらむ）,14,0.8,0.1,3.2
ほうれん草（100g）（ほうれんそうひゃくぐらむ）,20,2.2,0.4,3.1
小松菜（100g）（こまつなひゃくぐらむ）,14,1.5,0.2,2.4
レタス（100g）（れたすひゃくぐらむ）,12,0.6,0.1,2.8
ブロッコリー（100g）（ぶろっこりーひゃくぐらむ）,33,4.3,0.5,5.2
カリフラワー（100g）（かりふらわーひゃくぐらむ）,27,2.2,0.1,5.2
アスパラガス（100g）（あすぱらがすひゃくぐらむ）,22,2.6,0.2,3.9
きゅうり（100g）（きゅうりひゃくぐらむ）,14,1.0,0.1,3.0
トマト（100g）（とまとひゃくぐらむ）,19,0.7,0.1,4.7
ミニトマト（100g）（みにとまとひゃくぐらむ）,29,1.1,0.1,7.2
ナス（100g）（なすひゃくぐらむ）,22,1.1,0.1,5.1
ピーマン（100g）（ぴーまんひゃくぐらむ）,22,0.9,0.2,5.1
パプリカ（赤・100g）（ぱぷりかあかひゃくぐらむ）,30,1.0,0.2,7.2
オクラ（100g）（おくらひゃくぐらむ）,30,2.1,0.2,6.6
ゴーヤ（100g）（ごーやひゃくぐらむ）,17,1.0,0.1,3.9
ズッキーニ（100g）（ずっきーにひゃくぐらむ）,14,1.3,0.1,2.8
カボチャ（100g）（かぼちゃひゃくぐらむ）,90,1.9,0.3,21.3
大根（100g）（だいこんひゃくぐらむ）,18,0.8,0.1,4.1
にんじん（100g）（にんじんひゃくぐらむ）,37,0.7,0.2,9.3
ごぼう（100g）（ごぼうひゃくぐらむ）,65,1.8,0.1,15.4
レンコン（100g）（れんこんひゃくぐらむ）,66,1.3,0.1,16.1
タケノコ（水煮・100g）（たけのこみずにひゃくぐらむ）,23,2.7,0.2,4.1
玉ねぎ（100g）（たまねぎひゃくぐらむ）,37,1.0,0.1,8.8
長ねぎ（100g）（ながねぎひゃくぐらむ）,28,1.4,0.1,7.2
にんにく（100g）（にんにくひゃくぐらむ）,135,6.4,0.9,27.5
生姜（100g）（しょうがひゃくぐらむ）,30,0.9,0.3,6.6
じゃがいも（100g）（じゃがいもひゃくぐらむ）,75,1.6,0.1,17.3
さつまいも（100g）（さつまいもひゃくぐらむ）,130,1.2,0.2,31.5
里芋（100g）（さといもひゃくぐらむ）,58,1.5,0.1,13.1
山芋（長芋・100g）（やまいもながいもひゃくぐらむ）,65,2.2,0.3,13.9
しいたけ（生・100g）（しいたけなまひゃくぐらむ）,18,2.0,0.4,4.9
しめじ（100g）（しめじひゃくぐらむ）,18,2.1,0.6,4.0
えのき（100g）（えのきひゃくぐらむ）,22,2.2,0.4,7.6
エリンギ（100g）（えりんぎひゃくぐらむ）,24,2.7,0.3,5.1
マッシュルーム（100g）（まっしゅるーむひゃくぐらむ）,11,2.9,0.3,2.1
木耳（乾燥・100g）（きくらげかんそうひゃくぐらむ）,170,13.5,2.1,72.5
アボカド（100g）（あぼかどひゃくぐらむ）,185,2.5,18.5,6.2
バナナ（100g）（ばななひゃくぐらむ）,86,1.1,0.2,22.5
リンゴ（100g）（りんごひゃくぐらむ）,54,0.2,0.1,14.3
みかん（100g）（みかんひゃくぐらむ）,45,0.7,0.1,11.0
オレンジ（100g）（おれんじひゃくぐらむ）,46,0.9,0.1,11.8
グレープフルーツ（100g）（ぐれーぷふるーつひゃくぐらむ）,38,0.7,0.1,9.6
いちご（100g）（いちごひゃくぐらむ）,34,0.9,0.1,8.5
ぶどう（100g）（ぶどうひゃくぐらむ）,59,0.4,0.1,15.7
マスカット（100g）（ますかっとひゃくぐらむ）,61,0.5,0.1,16.2
桃（100g）（ももひゃくぐらむ）,40,0.6,0.1,10.2
梨（100g）（なしひゃくぐらむ）,38,0.3,0.1,10.4
キウイ（グリーン・100g）（きういぐりーんひゃくぐらむ）,53,1.0,0.1,13.5
パイナップル（100g）（ぱいなっぷるひゃくぐらむ）,53,0.6,0.1,13.7
スイカ（100g）（すいかひゃくぐらむ）,37,0.6,0.1,9.2
メロン（100g）（めろんひゃくぐらむ）,42,1.0,0.1,10.4
ブルーベリー（100g）（ぶるーべりーひゃくぐらむ）,49,0.5,0.1,12.9
マンゴー（100g）（まんごーひゃくぐらむ）,64,0.6,0.1,16.9
レモン（果汁・100g）（れもんかじゅうひゃくぐらむ）,26,0.4,0.1,8.6
木綿豆腐（100g）（もめんどうふひゃくぐらむ）,72,6.6,4.2,1.6
絹ごし豆腐（100g）（きぬごしどうふひゃくぐらむ）,56,4.9,3.0,2.0
納豆（1パック・50g）（なっとうひとぱっくごじゅうぐらむ）,100,8.2,5.0,6.0
油揚げ（1枚・30g）（あぶらあげいちまいさんじゅうぐらむ）,115,5.5,10.0,0.8
厚揚げ（1枚・150g）（あつあげいちまひゃくごじゅうぐらむ）,225,16.0,17.0,1.4
ちくわ（1本・30g）（ちくわいっぽんさんじゅうぐらむ）,30,3.6,0.2,4.0
かまぼこ（大さじ2・30g）（かまぼこおおさじにはんさんじゅうぐらむ）,29,3.6,0.3,2.5
さつま揚げ（1枚・50g）（さつまあげいちまいごじゅうぐらむ）,70,6.0,2.0,6.5
かにかま（5本・50g）（かにかまごほんごじゅうぐらむ）,45,6.0,0.3,4.5
しらたき（100g）（しらたきひゃくぐらむ）,6,0.2,0.0,3.0
こんにゃく（100g）（こんにゃくひゃくぐらむ）,7,0.1,0.0,3.3
プレーンヨーグルト（100g）（ぷれーんよーぐるとひゃくぐらむ）,62,3.6,3.0,4.9
プロセスチーズ（1枚・15g）（ぷろせすちーずいちまいじゅうごぐらむ）,50,3.4,4.0,0.2
モッツァレラチーズ（100g）（もっつぁれらちーずひゃくぐらむ）,250,18.0,19.5,1.5
クリームチーズ（100g）（くりーむちーずひゃくぐらむ）,315,8.0,32.0,2.5
ピザ用チーズ（100g）（ぴざようちーずひゃくぐらむ）,340,22.0,26.0,1.8
バター（大さじ1・12g）（ばたーおおさじいちじゅうにぐらむ）,90,0.1,9.8,0.0
マーガリン（大さじ1・12g）（まーがりんおおさじいちじゅうにぐらむ）,92,0.0,10.2,0.1
スキムミルク（10g）（すきむみるくじゅうぐらむ）,36,3.6,0.1,5.2
生クリーム（大さじ1・15g）（なまくりーむおおさじいちじゅうごぐらむ）,65,0.3,6.5,0.5
マヨネーズ（大さじ1・12g）（まよねーずおおさじいちじゅうにぐらむ）,80,0.2,8.5,0.1
ケチャップ（大さじ1・15g）（けちゃっぷおおさじいちじゅうごぐらむ）,18,0.3,0.0,4.2
ウスターソース（大さじ1・15g）（うすたーそーすおおさじいちじゅうごぐらむ）,18,0.2,0.0,4.2
中濃ソース（大さじ1・15g）（ちゅうのうそーすおおさじいちじゅうごぐらむ）,20,0.1,0.0,4.8
濃厚ソース（大さじ1・15g）（のうこうそーすおおさじいちじゅうごぐらむ）,22,0.2,0.0,5.4
濃口醤油（大さじ1・18g）（こいくちしょうゆおおさじいちじゅうはちぐらむ）,13,1.4,0.0,1.4
薄口醤油（大さじ1・18g）（うすくちしょうゆおおさじいちじゅうはちぐらむ）,10,1.0,0.0,1.2
上白糖（大さじ1・9g）（じょうはくとうおおさじいちきゅうぐらむ）,35,0.0,0.0,9.0
グラニュー糖（大さじ1・12g）（ぐらにゅーとうおおさじいちじゅうにぐらむ）,46,0.0,0.0,12.0
三温糖（大さじ1・9g）（さんおんとうおおさじいちきゅうぐらむ）,35,0.0,0.0,8.9
黒砂糖（100g）（くろざとうひゃくぐらむ）,350,1.7,0.0,89.5
はちみつ（大さじ1・21g）（はちみつおおさじいちにじゅういちぐらむ）,65,0.0,0.0,17.0
みりん（大さじ1・18g）（みりんおおさじいちじゅうはちぐらむ）,43,0.1,0.0,7.8
料理酒（大さじ1・15g）（りょうりしゅおおさじいちじゅうごぐらむ）,15,0.1,0.0,0.3
米酢（大さじ1・15g）（こめずおおさじいちじゅうごぐらむ）,7,0.1,0.0,1.1
穀物酢（大さじ1・15g）（こくもつずおおさじいちじゅうごぐらむ）,4,0.0,0.0,0.4
ポン酢（大さじ1・15g）（ぽんずおおさじいちじゅうごぐらむ）,10,0.5,0.0,1.8
淡色辛味噌（大さじ1・18g）（たんしょくからみそおおさじいちじゅうはちぐらむ）,33,2.2,1.0,4.0
赤色辛味噌（大さじ1・18g）（あかいろからみそおおさじいちじゅうはちぐらむ）,34,2.0,1.1,4.4
麦味噌（大さじ1・18g）（むぎみそおおさじいちじゅうはちぐらむ）,31,1.8,0.8,4.8
白甘味噌（大さじ1・18g）（しろあまみそおおさじいちじゅうはちぐらむ）,39,1.5,0.5,7.5
めんつゆ（3倍濃縮・大さじ1・15g）（めんつゆさんばいのうしゅくおおさじいちじゅうごぐらむ）,22,0.6,0.0,4.2
白だし（大さじ1・15g）（しらだしおおさじいちじゅうごぐらむ）,10,0.5,0.0,1.5
コンソメ（固形1個・5g）（こんそめこけいいっこごぐらむ）,12,0.4,0.2,2.2
和風だしの素（顆粒・1小匙・4g）（わふうだしのもとかりゅういちこさじよんぐらむ）,10,0.8,0.0,1.8
鶏ガラスープの素（顆粒・1小匙・4g）（とりがらすーぷのもとかりゅういちこさじよんぐらむ）,8,0.4,0.1,1.5
中華あじ（顆粒・1小匙・4g）（ちゅうかあじかりゅういちこさじよんぐらむ）,9,0.5,0.2,1.4
コショウ（1g）（こしょういちぐらむ）,3,0.1,0.0,0.7
塩（1g）（しおいちぐらむ）,0,0.0,0.0,0.0
ラー油（1小匙・4g）（らーゆいちこさじよんぐらむ）,37,0.0,4.0,0.0
ごま油（大さじ1・14g）（ごまあぶらおおさじいちじゅうよんぐらむ）,126,0.0,14.0,0.0
サラダ油（大さじ1・14g）（さらだゆおおさじいちじゅうよんぐらむ）,126,0.0,14.0,0.0
オリーブオイル（大さじ1・14g）（おりーぶおいるおおさじいちじゅうよんぐらむ）,126,0.0,14.0,0.0
オイスターソース（大さじ1・18g）（おいすたーそーすおおさじいちじゅうはちぐらむ）,20,1.0,0.0,3.8
コチュジャン（大さじ1・18g）（こちゅじゃんおおさじいちじゅうはちぐらむ）,45,1.2,0.4,9.5
豆板醤（大さじ1・18g）（とうばんじゃんおおさじいちじゅうはちぐらむ）,10,0.5,0.4,1.0
甜面醤（大さじ1・18g）（てんめんじゃんおおさじいちじゅうはちぐらむ）,50,1.4,1.5,8.0
タコ焼きソース（大さじ1・18g）（たこやきそーすおおさじいちじゅうはちぐらむ）,24,0.2,0.0,5.8
お好み焼きソース（大さじ1・18g）（おこのみやきそーすおおさじいちじゅうはちぐらむ）,24,0.3,0.1,5.6
和風ドレッシング（大さじ1・15g）（わふうどれっしんぐおおさじいちじゅうごぐらむ）,30,0.2,2.5,1.8
フレンチドレッシング（大さじ1・15g）（ふれんちどれっしんぐおおさじいちじゅうごぐらむ）,60,0.0,6.0,1.2
中華ドレッシング（大さじ1・15g）（ちゅうかどれっしんぐおおさじいちじゅうごぐらむ）,40,0.1,3.8,1.5
ごまドレッシング（大さじ1・15g）（ごまどれっしんぐおおさじいちじゅうごぐらむ）,65,0.4,6.2,1.8
シーザードレッシング（大さじ1・15g）（しーざーどれっしんぐおおさじいちじゅうごぐらむ）,70,0.3,7.2,0.8
カレー粉（1小匙・2g）（かれーこいちこさじにぐらむ）,8,0.3,0.2,1.2
わさび（チューブ・5g）（わさびちゅーぶごぐらむ）,13,0.1,0.3,2.4
からし（チューブ・5g）（からしちゅーぶごぐらむ）,15,0.4,0.8,1.5
生姜（チューブ・5g）（しょうがちゅーぶごぐらむ）,5,0.0,0.0,1.1
にんにく（チューブ・5g）（にんにくちゅーぶごぐらむ）,7,0.2,0.0,1.4
山椒（粉・0.5g）（さんしょうこなぜろてんごぐらむ）,2,0.0,0.0,0.3
七味唐辛子（1g）（しちみとうがらしいちぐらむ）,4,0.1,0.1,0.5
一味唐辛子（1g）（いちみとうがらしいちぐらむ）,4,0.1,0.1,0.6
つぶあん（100g）（つぶあんひゃくぐらむ）,240,5.0,0.5,54.0
こしあん（100g）（こしあんひゃくぐらむ）,250,5.5,0.3,56.5
ジャム（いちご・大さじ1・20g）（じゃむいちごおおさじいちにじゅうぐらむ）,50,0.1,0.0,12.5
マーマレード（大さじ1・20g）（まーまれーどおおさじいちにじゅうぐらむ）,50,0.1,0.0,12.4
メープルシロップ（大さじ1・20g）（めーぷるしろっぷおおさじいちにじゅうぐらむ）,52,0.0,0.0,13.0
しゃぶしゃぶ（豚・1人前）（しゃぶしゃぶぶたいちにんまえ）,480,32.0,22.0,18.0
しゃぶしゃぶ（牛・1人前）（しゃぶしゃぶぎゅういちにんまえ）,560,34.0,30.0,16.0
しゃぶしゃぶ（豚牛ミックス・1人前）（しゃぶしゃぶぶたぎゅうみっくすいちにんまえ）,520,33.0,26.0,17.0
しゃぶしゃぶ（豚・ポン酢）（しゃぶしゃぶぶたぽんず）,490,33.0,22.0,20.0
しゃぶしゃぶ（豚・ごまだれ）（しゃぶしゃぶぶたごまだれ）,580,33.0,30.0,22.0
しゃぶしゃぶ（牛・ポン酢）（しゃぶしゃぶぎゅうぽんず）,570,35.0,30.0,18.0
しゃぶしゃぶ（牛・ごまだれ）（しゃぶしゃぶぎゅうごまだれ）,660,35.0,38.0,20.0
すき焼き（1人前）（すきやきいちにんまえ）,680,28.0,32.0,52.0
すき焼き定食（すきやきていしょく）,920,30.0,34.0,110.0
鍋定食（なべていしょく）,580,28.0,14.0,68.0
水炊き定食（みずたきていしょく）,540,30.0,16.0,60.0
もつ鍋定食（もつなべていしょく）,620,26.0,22.0,72.0
キムチ鍋定食（きむちなべていしょく）,650,27.0,20.0,78.0
豆乳鍋定食（とうにゅうなべていしょく）,590,26.0,18.0,70.0
石狩鍋定食（いしかりなべていしょく）,610,30.0,20.0,68.0
カキフライ定食（かきふらいていしょく）,780,22.0,28.0,102.0
白身魚フライ定食（しろみさかなふらいていしょく）,740,24.0,24.0,98.0
イカフライ定食（いかふらいていしょく）,720,22.0,22.0,98.0
ヒレカツ定食（ひれかつていしょく）,820,30.0,30.0,100.0
串カツ定食（くしかつていしょく）,850,24.0,36.0,102.0
ミックスフライ定食（みっくすふらいていしょく）,890,26.0,34.0,110.0
エビフライ定食（えびふらいていしょく）,760,22.0,24.0,100.0
牡蠣フライ定食（かきふらいていしょく）,780,22.0,28.0,102.0
チキンソテー定食（ちきんそてーていしょく）,720,30.0,24.0,88.0
ポークソテー定食（ぽーくそてーていしょく）,760,28.0,28.0,92.0
ビーフソテー定食（びーふそてーていしょく）,820,34.0,36.0,84.0
鶏の塩焼き定食（とりのしおやきていしょく）,640,30.0,18.0,86.0
豚の塩焼き定食（ぶたのしおやきていしょく）,700,28.0,24.0,90.0
焼き鳥定食（やきとりていしょく）,680,28.0,18.0,94.0
牛タン定食（ぎゅうたんていしょく）,880,34.0,38.0,88.0
ホルモン炒め定食（ほるもんいためていしょく）,780,26.0,32.0,90.0
レバーの生姜炒め定食（ればーのしょうがいためていしょく）,680,28.0,16.0,92.0
肉豆腐定食（にくどうふていしょく）,620,24.0,18.0,84.0
牛丼定食（ぎゅうどんていしょく）,780,24.0,24.0,102.0
カレー定食（かれーていしょく）,820,20.0,24.0,118.0
オムライス定食（おむらいすていしょく）,760,20.0,22.0,106.0
チャーハン定食（ちゃーはんていしょく）,780,18.0,20.0,112.0
親子丼定食（おやこどんていしょく）,700,28.0,16.0,96.0
海鮮丼定食（かいせんどんていしょく）,640,28.0,8.0,100.0
マグロ刺身定食（まぐろさしみていしょく）,540,30.0,4.0,88.0
サーモン刺身定食（さーもんさしみていしょく）,580,28.0,12.0,86.0
タイ刺身定食（たいさしみていしょく）,530,28.0,6.0,86.0
ハマチ刺身定食（はまちさしみていしょく）,560,28.0,10.0,86.0
カツオのたたき定食（かつおのたたきていしょく）,510,30.0,4.0,84.0
ニジマスの塩焼き定食（にじますのしおやきていしょく）,580,28.0,14.0,84.0
カレイの煮付け定食（かれいのにつけていしょく）,560,26.0,10.0,88.0
タラの西京焼き定食（たらのさいきょうやきていしょく）,600,28.0,14.0,86.0
鮭のムニエル定食（さけのむにえるていしょく）,650,28.0,22.0,80.0
サバの竜田揚げ定食（さばのたつたあげていしょく）,730,26.0,24.0,94.0
ホタテのバター焼き定食（ほたてのばたーやきていしょく）,620,26.0,18.0,82.0
ベースブレッド プレーン（べーすぶれっどぷれーん）,205,13.5,5.4,23.3
ベースブレッド チョコレート（べーすぶれっどちょこれーと）,264,13.5,9.1,26.6
ベースブレッド メープル（べーすぶれっどめーぷる）,264,13.5,8.2,27.1
ベースブレッド シナモン（べーすぶれっどしなもん）,262,13.5,8.5,26.1
ベースブレッド カレー（べーすぶれっどかれー）,253,13.5,8.3,25.1
ベースブレッド こしあん（べーすぶれっどこしあん）,255,13.5,5.7,34.0
ベースブレッド ブルーベリー（べーすぶれっどぶるーべりー）,250,13.5,6.0,30.0
ベースブレッド リッチ（べーすぶれっどりっち）,221,13.5,6.7,24.0
ベースブレッド ミニ食パンプレーン（べーすぶれっどみにしょくぱんぷれーん）,233,13.5,5.3,26.6
ベースブレッド ミニ食パンレーズン（べーすぶれっどみにしょくぱんれーずん）,281,13.5,7.2,33.7
ベースブレッド さつまいも（べーすぶれっどさつまいも）,258,13.5,6.5,31.0
タコライス丼（たこらいすどん）,580,18.5,16.0,85.0
豚ハラミ丼（ぶたはらみどん）,650,22.0,18.5,90.0
イカから揚げ丼（いかからあげどん）,690,20.5,22.0,95.0
炭火焼き鳥丼（すみびやきとりどん）,590,26.0,11.0,88.0
エビチリ丼（えびちりどん）,570,16.5,12.0,92.0
ツナマヨ丼（つなまよどん）,610,14.0,19.5,87.0
アジフライ丼（あじふらいどん）,710,19.0,23.5,98.0
塩レバニラ丼（しおればにらどん）,600,24.0,13.0,89.0
ネギ塩豚丼（ねぎしおぶたどん）,680,21.0,20.0,93.0
穴子丼（あなごどん）,540,19.5,8.5,86.0
サーモン親子丼（さーもんおやこどん）,580,24.5,12.0,84.0
ソースカツ丼（そーすかつどん）,850,23.5,28.0,115.0
ローストビーフ丼（ろーすとびーふどん）,560,25.0,11.5,81.0
寄せ鍋（よせなべ）,240,22.0,8.5,12.0
ちゃんこ鍋（ちゃんこなべ）,320,26.5,14.0,15.0
チゲ鍋（ちげなべ）,350,21.0,18.0,19.0
湯豆腐鍋（ゆどうふなべ）,160,11.5,8.0,7.5
カキ鍋（かきなべ）,210,16.0,6.5,14.0
豆乳鍋（とうにゅうなべ）,290,20.0,15.5,13.5
おでん鍋（おでんなべ）,220,14.5,6.0,24.0
うどんすき（うどんすき）,430,18.0,7.0,68.0
蟹鍋（かになべ）,180,17.5,2.5,11.0
すっぽん鍋（すっぽんなべ）,200,19.0,5.0,8.0
てっちり鍋（てっちりなべ）,150,18.5,1.0,7.0
鮟鱇鍋（あんこうなべ）,230,21.0,7.5,9.5
枝豆（えだまめ）,75,6.5,3.2,4.8
タコわさ（たこわさ）,45,5.5,0.3,4.2
手羽先唐揚げ（てばさきからあげ）,280,16.5,21.0,3.5
じゃがバター（じゃがばたー）,180,2.8,8.5,24.0
あさりの酒蒸し（あさりのさかむし）,65,8.0,1.2,3.5
牛すじ煮込み（ぎゅうすじにこみ）,210,15.5,13.0,5.5
もつ煮込み（もつにこみ）,180,14.0,11.0,6.0
塩キャベツ（しおきゃべつ）,50,1.2,3.5,4.5
豚平焼き（とんぺいやき）,290,14.5,22.0,6.5
エイヒレ炙り（えいひれあぶり）,90,16.0,0.4,4.5
冷奴（ひややっこ）,80,6.6,4.2,3.8
鶏皮ポン酢（とりかわぽんず）,160,8.5,13.0,2.0
軟骨唐揚げ（なんこつからあげ）,150,10.0,10.5,4.0
フライドポテト（ふらいどぽてと）,240,3.2,12.0,28.5
筑前煮パック（ちくぜんにぱっく）,120,6.5,3.5,14.5
きんぴらごぼうパック（きんぴらごぼうぱっく）,95,1.8,4.0,13.0
ひじき煮パック（ひじきにぱっく）,70,2.2,2.8,9.5
ポテトサラダパック（ぽてとさらだぱっく）,160,2.0,11.0,13.5
コールスローサラダ（こーるすろーさらだ）,90,1.1,7.2,5.5
黒酢酢豚パック（くろずすぶたぱっく）,280,12.5,14.0,24.5
さばの塩焼きパック（さばのしおやきぱっく）,290,17.5,23.0,0.2
ほっけ塩焼きパック（ほっけしおやきぱっく）,160,19.0,8.5,0.1
切り干し大根パック（きりぼしだいこんぱっく）,65,1.5,1.8,10.5
うの花パック（うのはなぱっく）,110,4.2,5.0,12.0
マカロニサラダパック（まかろにさらだぱっく）,190,3.0,13.0,15.5
豚の角煮パック（ぶたのかくにぱっく）,320,16.0,25.0,8.0
冷凍チャーはん（れいとうちゃーはん）,430,9.5,11.5,71.0
冷凍ギョーザ（れいとうぎょーざ）,340,11.0,17.0,33.0
冷凍シューマイ（れいとうしゅーまい）,260,10.5,13.5,22.0
冷凍たこ焼き（れいとうたこやき）,310,8.5,9.5,45.0
冷凍お好み焼き（れいとうお好みやき）,390,13.0,12.5,54.0
冷凍から揚げ（れいとうからあげ）,290,15.0,18.0,16.0
冷凍ピザ（れいとうぴざ）,480,19.5,16.5,61.0
冷凍グラタン（れいとうぐらたん）,270,10.0,11.0,32.0
冷凍海老フライ（れいとうえびふらい）,220,9.0,11.5,19.5
冷凍コロッケ（れいとうころっけ）,180,3.5,9.0,21.0
冷凍焼きおにぎり（れいとうやきおにぎり）,150,2.8,0.6,32.5
冷凍今川焼き（れいとういまがわやき）,210,4.5,2.2,42.0
チーズインハンバーグ（ちーずいんはんばーぐ）,550,24.5,38.0,21.0
ミラノ風ドリア（みらのふうどりあ）,540,16.0,23.0,63.5
チキンステーキ（ちきんすてーき）,460,32.0,34.0,5.5
マルゲリータピザ（まるげりーたぴざ）,580,22.5,20.0,75.0
コーンスープ（こーんすーぷ）,120,2.5,4.5,16.5
パンケーキ（ぱんけーき）,410,8.0,12.5,64.0
ミートドリア（みーとどりあ）,510,15.0,21.0,62.0
イカの墨入りスパゲッティ（いかのすみいりすぱげってぃ）,590,21.0,17.5,83.0
ほうれん草のソテー（ほうれんそうのそてー）,110,2.8,9.5,3.2
辛味チキン（からみちきん）,300,17.5,21.5,7.0
チョコレートパフェ（ちょこれーとぱふぇ）,490,6.5,22.0,65.5
卵かけご飯（たまごかけごはん）,320,9.5,6.0,55.0
納豆朝食（なっとうちょうしょく）,410,16.5,9.5,61.0
焼き鮭朝食（やきざけちょうしょく）,480,26.0,13.5,59.0
ソーセージエッグ（そーせーじえっぐ）,280,13.0,24.0,1.8
朝がゆ（あさがゆ）,110,2.0,0.2,24.5
フレンチトースト朝食（ふれんちとーすとちょうしょく）,460,13.5,18.0,58.0
ハムエッグ（はむえっぐ）,220,12.5,17.5,1.2
トーストセット（とーすとせっと）,340,9.0,11.5,48.0
スクランブルエッグ（すくらんぶるえっぐ）,190,10.5,15.0,1.5
塩鮭（しおざけ）,130,19.5,5.5,0.1
プロテインバー チョコレート（ぷろていんばーちょこれーと）,190,15.0,9.0,12.0
プロテインバー ベイクド（ぷろていんばーべいくど）,160,10.0,8.5,11.0
プロテインゼリー（ぷろていんぜりー）,80,10.0,0.0,10.0
高タンパクヨーグルト（こうたんぱくよーぐると）,90,12.0,0.0,10.5
低糖質ブランパン（ていとうしつぶらんぱん）,70,6.0,2.3,4.8
大豆バー（だいずばー）,130,5.0,7.0,11.5
プロテインバー クランチ（ぷろていんばーくらんち）,180,16.0,8.8,10.0
ライトツナ缶 水煮（らいとつなかんみずに）,50,11.5,0.2,0.2
サラダチキン プレーン（さらだちきんぷれーん）,110,24.0,1.2,0.3
サラダチキン ハーブ（さらだちきんはーぶ）,110,23.5,1.5,0.4
ギリシャヨーグルト（ぎりしゃよーぐると）,100,10.0,4.5,5.0
豆腐バー（とうふばー）,100,10.0,5.5,1.8
プロテインクッキー（ぷろていんくっきー）,150,10.5,6.0,13.5
低糖質豆乳（ていとうしつまめにゅう）,70,6.0,3.5,1.5
プロテインスープ（ぷろていんすーぷ）,120,11.0,2.5,12.5
高脂肪低糖質チョコ（こうしぼうていとうしつちょこ）,140,2.5,11.0,7.0
牛すじカレー（ぎゅうすじかれー）,780,18.5,24.0,115.0
チキンドリア（ちきんどりあ）,520,18.0,22.0,58.0
ナポリタンドリア（なぽりたんどりあ）,560,15.0,20.0,74.0
海老ドリア（えびどりあ）,510,17.5,20.5,59.0
焼きカレー（やきかれー）,720,19.0,26.0,99.0
スパイスカレー（すぱいすかれー）,640,16.0,20.0,96.0
ビーフカレードリア（びーふかれーどりあ）,680,20.0,28.0,84.0
ロコモコ（ろこもこ）,720,26.0,28.0,84.0
ガパオライス（がぱおらいす）,580,22.0,18.0,78.0
エスニックチキンライス（えすにっくちきんらいす）,560,24.0,14.0,76.0
カオマンガイ（かおまんがい）,540,28.0,12.0,72.0
ビビンバ（びびんば）,620,18.0,14.0,98.0
石焼ビビンバ（いしやきびびんば）,650,19.0,15.5,102.0
冷製パスタ（れいせいぱすた）,480,14.0,12.0,74.0
アラビアータ（あらびあーた）,530,14.0,14.0,80.0
プッタネスカ（ぷったねすか）,550,15.0,16.0,79.0
カチョエペペ（かちょえぺぺ）,620,16.0,28.0,74.0
ラグーパスタ（らぐーぱすた）,680,22.0,24.0,86.0
鶏と野菜のパスタ（とりとやさいのぱすた）,490,20.0,12.0,72.0
チキントマトパスタ（ちきんとまとぱすた）,520,22.0,12.0,76.0
アボカドパスタ（あぼかどぱすた）,580,14.0,24.0,74.0
たらこバターパスタ（たらこばたーぱすた）,620,18.0,22.0,82.0
しらすパスタ（しらすぱすた）,480,16.0,10.0,72.0
桜エビパスタ（さくらえびぱすた）,490,15.0,10.0,74.0
鶏ガラスープラーメン（とりがらすーぷらーめん）,420,18.0,8.0,64.0
魚介塩ラーメン（ぎょかいしおらーめん）,450,20.0,9.0,66.0
あっさり醤油ラーメン（あっさりしょうゆらーめん）,400,16.0,7.5,62.0
煮干しラーメン（にぼしらーめん）,430,17.0,8.5,65.0
鶏白湯つけ麺（とりぱいたんつけめん）,780,30.0,20.0,112.0
まぜそば（まぜそば）,820,28.0,36.0,96.0
台湾まぜそば（たいわんまぜそば）,850,30.0,38.0,98.0
スタミナラーメン（すたみならーめん）,620,24.0,22.0,82.0
野菜ラーメン（やさいらーめん）,480,18.0,12.0,70.0
コーンバターラーメン（こーんばたーらーめん）,580,18.0,22.0,76.0
チャーシュー丼（ちゃーしゅーどん）,650,26.0,20.0,88.0
豚角煮丼（ぶたかくにどん）,720,22.0,28.0,92.0
牛カルビ丼（ぎゅうかるびどん）,780,24.0,30.0,98.0
豚キムチ丼（ぶたきむちどん）,680,22.0,22.0,90.0
レバニラ丼（ればにらどん）,620,26.0,16.0,84.0
ホイコーロー丼（ほいこーろーどん）,720,20.0,28.0,94.0
マーボーナス丼（まーぼーなすどん）,640,16.0,22.0,90.0
天津飯（てんしんはん）,580,14.0,16.0,86.0
エビ天丼（えびてんどん）,720,18.0,20.0,108.0
かき揚げ丼（かきあげどん）,750,14.0,22.0,116.0
イカ天丼（いかてんどん）,700,18.0,18.0,106.0
舞茸天丼（まいたけてんどん）,680,12.0,18.0,108.0
れんこん天丼（れんこんてんどん）,660,11.0,16.0,108.0
鶏天丼（とりてんどん）,730,22.0,20.0,106.0
かつ丼（ロース）（かつどんろーす）,920,30.0,36.0,112.0
かつ丼（ヒレ）（かつどんひれ）,820,32.0,26.0,110.0
豚しゃぶ丼（ぶたしゃぶどん）,580,26.0,14.0,82.0
蒸し鶏丼（むしどりどん）,520,28.0,8.0,80.0
サラダ丼（さらだどん）,480,18.0,14.0,68.0
まぐろたたき丼（まぐろたたきどん）,530,26.0,6.0,84.0
サーモンいくら丼（さーもんいくらどん）,620,26.0,14.0,88.0
うにいくら丼（うにいくらどん）,580,24.0,10.0,90.0
炙りサーモン丼（あぶりさーもんどん）,600,24.0,16.0,84.0
牛タン定食（ぎゅうたんていしょく）,820,32.0,36.0,86.0
ハンチク定食（はんちくていしょく）,720,28.0,22.0,94.0
煮魚定食（にざかなていしょく）,560,26.0,12.0,84.0
アジ南蛮定食（あじなんばんていしょく）,780,24.0,28.0,96.0
イワシ定食（いわしていしょく）,620,28.0,18.0,84.0
カジキの照り焼き定食（かじきのてりやきていしょく）,640,30.0,18.0,84.0
タラのフライ定食（たらのふらいていしょく）,720,26.0,22.0,96.0
チキンピカタ定食（ちきんぴかたていしょく）,680,28.0,26.0,82.0
豚バラ大根定食（ぶたばらだいこんていしょく）,680,22.0,26.0,86.0
ゴーヤチャンプルー定食（ごーやちゃんぷるーていしょく）,620,24.0,22.0,80.0
ソーキそば（そーきそば）,580,22.0,16.0,80.0
沖縄そば（おきなわそば）,540,20.0,14.0,78.0
皿うどん細麺（さらうどんほそめん）,620,18.0,20.0,86.0
ちゃんぽん皿（ちゃんぽんさら）,580,22.0,16.0,80.0
スープスパゲッティ（すーぷすぱげってぃ）,480,16.0,12.0,70.0
カレーうどん（あげ）（かれーうどんあげ）,620,16.0,16.0,90.0
肉みそうどん（にくみそうどん）,580,20.0,16.0,84.0
豚バラうどん（ぶたばらうどん）,560,18.0,18.0,78.0
担々うどん（たんたんうどん）,620,20.0,24.0,80.0
鬼おろしうどん（おにおろしうどん）,380,10.0,2.0,74.0
温玉うどん（おんたまうどん）,420,14.0,8.0,66.0
とりそぼろうどん（とりそぼろうどん）,490,18.0,10.0,74.0
チーズカレーうどん（ちーずかれーうどん）,680,20.0,24.0,92.0
スタミナそば（すたみなそば）,520,20.0,14.0,74.0
鴨せいろそば（かもせいろそば）,530,22.0,12.0,78.0
板そば（いたそば）,360,13.0,2.0,70.0
冷やしたぬきそば（ひやしたぬきそば）,480,14.0,12.0,74.0
冷やし梅そば（ひやしうめそば）,340,11.0,1.5,67.0
クラブサンド（くらぶさんど）,520,24.0,26.0,44.0
BLTサンド（びーえるてぃーさんど）,380,14.0,20.0,34.0
アボカドサンド（あぼかどさんど）,420,12.0,22.0,40.0
スモークサーモンサンド（すもーくさーもんさんど）,360,16.0,16.0,34.0
ツナメルトサンド（つなめるとさんど）,420,18.0,20.0,36.0
チキンアボカドサンド（ちきんあぼかどさんど）,460,22.0,24.0,36.0
ローストビーフサンド（ろーすとびーふさんど）,430,20.0,18.0,40.0
エッグサラダサンド（えっぐさらださんど）,350,12.0,18.0,30.0
ピタサンド（ぴたさんど）,390,16.0,14.0,48.0
フォー（ふぉー）,420,18.0,6.0,72.0
ブンボーフエ（ぶんぼーふえ）,450,20.0,10.0,68.0
パッタイ（ぱったい）,580,18.0,16.0,84.0
グリーンカレーライス（ぐりーんかれーらいす）,640,18.0,26.0,84.0
トムヤムクン（とむやむくん）,280,18.0,14.0,16.0
ルーロー飯（るーろーはん）,680,22.0,26.0,88.0
無水カレー（とりむね）,420.5,35.0,8.5,45.0
無水カレー（とりもも）,480.0,32.0,16.5,45.0
無水カレー（ぎゅうばら）,620.5,22.0,38.0,42.5
無水カレー（ぶたばら）,580.0,24.5,32.5,43.0
無水カレー（ぶたひれ）,390.5,36.5,4.2,46.0
無水カレー（さばかん）,510.0,28.5,22.0,44.5
無水カレー（しーふーど）,350.5,26.0,4.5,48.0
無水カレー（あいびきにく）,540.0,25.0,26.5,45.5
無水カレー（やさい）,290.5,6.5,8.0,46.0
無水カレー（ひよこまめ）,410.0,14.5,9.5,62.0
から揚げ定食（からあげていしょく）,780.5,32.0,28.0,94.5
チキンカツ定食（ちきんかつていしょく）,820.0,34.5,30.0,96.0
とんかつ定食（とんかつていしょく）,890.5,28.0,36.5,98.0
生姜焼き定食（しょうがやきていしょく）,720.0,26.5,24.0,92.5
肉じゃが定食（にくじゃがていしょく）,640.5,18.0,14.5,102.0
ハンバーグ定食（はんばーぐていしょく）,790.0,28.5,26.0,95.5
メンチカツ定食（めんちかつていしょく）,840.5,24.0,34.0,97.0
コロッケ定食（ころっけていしょく）,680.0,14.5,20.0,104.5
チキン南蛮定食（ちきんなんばんていしょく）,880.5,35.0,34.5,98.0
回鍋肉定食（ほいこーろーていしょく）,750.0,22.5,26.0,96.5
麻婆豆腐定食（まーぼーどうふていしょく）,710.5,24.0,22.5,95.0
八宝菜定食（はっぽうさいていしょく）,630.0,20.5,16.0,94.5
青椒肉絲定食（ちんじゃおろーすていしょく）,690.5,21.5,21.0,93.0
酢豚定食（すぶたていしょく）,780.0,23.5,24.5,105.0
エビチリ定食（えびちりていしょく）,660.5,19.0,15.5,104.0
餃子定食（ぎょうざていしょく）,670.0,18.5,18.0,101.5
炒飯定食（ちゃーはんせっと）,810.5,19.0,21.5,124.0
カニ玉定食（かにたまていしょく）,640.0,21.0,18.5,91.5
サバ味噌煮定食（さばのみそにていしょく）,740.5,29.0,26.5,88.0
サバ塩焼き定食（さばのしおやきていしょく）,710.0,28.5,25.0,84.5
ホッケ焼き定食（ほっけやきていしょく）,590.5,31.0,10.5,84.5
アジフライ定食（あじふらいていしょく）,760.0,23.0,22.5,108.5
鮭の塩焼き定食（さけのしおやきていしょく）,560.5,28.0,11.0,84.0
ブリの照り焼き定食（ぶりのてりやきていしょく）,680.0,29.5,18.0,91.0
カレイの煮付け定食（かれいのにつけていしょく）,540.5,24.0,6.5,91.5
刺身定食（さしみていしょく）,510.0,28.5,5.0,83.0
天ぷら定食（てんぷらていしょく）,790.5,22.0,23.5,112.0
牛すき焼き定食（ぎゅうすきやきていしょく）,850.0,32.5,28.0,106.5
牛カルビ焼肉定食（ぎゅうかるびやきにくていしょく）,890.5,26.0,38.5,96.0
牛ハラミ焼肉定食（ぎゅうはらみやきにくていしょく）,760.0,28.5,22.0,95.5
豚キムチ炒め定食（ぶたきむちいためていしょく）,710.5,25.0,23.5,92.0
トンテキ定食（とんてきていしょく）,830.0,34.0,32.0,93.5
冷しゃぶ定食（れいしゃぶていしょく）,580.5,26.5,14.0,82.5
ニラレバ炒め定食（にらればいためていしょく）,650.0,28.0,15.5,91.0
野菜炒め定食（やさいいためていしょく）,590.5,16.0,14.0,93.5
豆腐チャンプルー定食（とうふちゃんぷるーていしょく）,610.0,23.5,18.5,82.0
とろろご飯定食（とろろごはんていしょく）,480.5,11.0,2.5,98.5
牛丼定食（ぎゅうどんていしょく）,790.0,26.5,23.0,108.0
親子丼定食（おやこどんていしょく）,690.5,31.0,16.0,95.5
カツ丼定食（かつどんていしょく）,1020.0,34.0,37.5,126.5
ゼリー（ぜりー）,70.0,0.5,0.0,17.0
杏仁豆腐（あんにんどうふ）,140.5,3.0,4.2,22.0
ティラミス（てぃらみす）,280.0,4.8,20.5,18.5
マカロン（まかろん）,70.5,1.2,3.0,9.5
ビスケット（びすけっと）,120.5,1.9,4.0,19.0
パウンドケーキ（ぱうんどけーき）,230.0,3.0,12.5,26.0
ロールケーキ（ろーるけーき）,220.0,3.5,13.0,22.0
ワッフル（わっふる）,180.0,3.8,8.5,22.0
クレープ（くれーぷ）,240.5,4.5,11.0,30.5
タルト（たると）,280.5,3.5,16.0,30.5
ブラウニー（ぶらうにー）,180.5,2.5,11.0,18.0
シフォンケーキ（しふぉんけーき）,150.0,3.2,7.5,17.0
チョコアイス（ちょこあいす）,230.0,3.8,13.0,24.5
抹茶アイス（まっちゃあいす）,210.5,3.4,10.5,25.5
ストロベリーアイス（すとろべりーあいす）,200.0,3.0,10.0,24.5
シャーベット（しゃーべっと）,110.0,0.2,0.1,27.0
かき氷（かきごおり）,70.5,0.0,0.0,17.5
サンデー（さんでー）,320.5,4.5,13.5,45.0
白玉あんみつ（しらたまあんみつ）,240.0,3.5,0.5,55.5
ぜんざい（ぜんざい）,260.5,5.2,0.4,59.0
ところてん（ところてん）,5.0,0.1,0.0,1.0
ナタデココ（なたでここ）,40.5,0.0,0.0,10.0
タピオカミルクティー（たぴおかみるくてぃー）,380.0,3.5,8.0,73.5
ホワイトチョコ（ほわいとちょこ）,290.0,3.5,19.5,25.0
ビターチョコ（びたーちょこ）,270.5,3.9,17.5,24.0
グミ（ぐみ）,120.0,2.5,0.0,27.5
キャンディ（きゃんでぃ）,80.5,0.0,0.0,20.0
キャラメル（きゃらめる）,100.0,1.0,2.5,18.5
ガム（がむ）,30.5,0.0,0.0,7.5
マシュマロ（ましゅまろ）,100.0,1.5,0.0,23.5
ミントタブレット（みんとたぶれっと）,10.0,0.0,0.1,2.3
オニオンリング（おにおんりんぐ）,210.0,2.8,11.5,23.5
チーズスティック（ちーずすてぃっく）,190.0,8.5,13.0,10.0
アメリカンドッグ（あめりかんどっぐ）,280.0,6.5,12.0,36.5
ハッシュドポテト（はっしゅどぽてと）,140.5,1.5,8.5,14.5
ポップコーンチキン（ぽっぷこーんちきん）,230.0,12.5,13.0,15.5
焼き鳥（もも・たれ）（やきとりももたれ）,60.5,7.0,2.5,2.5
焼き鳥（もも・しお）（やきとりももしお）,50.0,7.2,2.2,0.1
焼き鳥（かわ・たれ）（やきとりかわたれ）,110.5,3.5,10.0,1.5
焼き鳥（かわ・しお）（やきとりかわしお）,100.0,3.6,9.5,0.0
焼き鳥（つくね・たれ）（やきとりつくねたれ）,80.5,6.0,4.2,4.5
焼き鳥（ねぎま・たれ）（やきとりねぎまたれ）,55.0,6.5,2.0,2.2
焼き鳥（レバー・たれ）（やきとりればーたれ）,50.5,6.8,1.2,3.0
焼き鳥（ぼんじり・しお）（やきとりぼんじりしお）,90.0,3.8,8.2,0.0
焼き鳥（ささみ・しお）（やきとりささみしお）,40.5,8.5,0.4,0.0
焼き鳥（砂肝・しお）（やきとりすなぎもしお）,35.0,6.8,0.7,0.0
豚串（ぶたくし）,120.5,8.0,9.5,0.5
牛串（ぎゅうくし）,140.0,9.2,11.0,0.8
つくねハンバーグ（つくねはんばーぐ）,180.5,13.5,11.0,6.5
肉団子（にくだんご）,160.0,8.5,10.5,7.5
ミートボール（みーとぼーる）,150.5,8.0,9.5,8.0
ロールキャベツ（ろーるきゃべつ）,120.0,7.5,6.5,8.0
ピーマンの肉詰め（ぴーまんのにくづめ）,160.5,10.5,10.0,6.5
豚肉のアスパラ巻き（ぶたにくのあすぱらまき）,140.0,9.5,10.5,2.0
豚肉のチーズ巻き（ぶたにくのちーずまき）,190.5,12.0,15.0,1.5
鶏ハラミ焼き（とりはらみやき）,130.0,14.5,7.5,0.5
かた焼きそば（かたやきそば）,580.0,13.0,24.0,78.0
モダン焼き（もだんやき）,620.5,18.0,21.0,89.5
もんじゃ焼き（もんじゃやき）,280.0,8.5,9.0,41.0
チヂミ（ちぢみ）,340.5,8.0,12.5,48.5
たこせん（たこせん）,140.0,3.2,4.5,21.5
いか焼き（いかやき）,180.5,12.0,5.5,20.0
オムそば（おむそば）,580.0,16.5,21.0,81.0
ライスバーガー（らいすばーがー）,320.5,6.5,7.0,57.5
チキンバーガー（ちきんばーがー）,430.0,18.5,19.0,46.0
フィッシュバーガー（ふぃっしゅばーがー）,410.5,14.0,19.5,44.5
チーズバーガー（ちーずばーがー）,360.0,16.5,16.5,36.0
てりやきバーガー（てりやきばーがー）,420.5,14.5,22.0,41.0
えびフィレオ（えびふぃれお）,395.0,12.0,17.0,48.5
ホットドッグ（ほっとどっぐ）,290.5,10.0,13.5,32.0
チリドッグ（ちりどっぐ）,330.0,12.5,15.5,35.0
ルーローパン（るーろーぱん）,260.5,8.5,10.0,34.0
ウインナーパン（ういんなーぱん）,280.0,8.0,15.5,27.0
コロッケサンド（ころっけさんど）,390.0,7.0,14.0,59.0
メンチカツサンド（めんちかつさんど）,460.5,11.5,22.0,54.0
フルーツサンド（ふるーつさんど）,280.0,4.0,12.5,38.0
ジャムバターパン（じゃむばたーぱん）,260.5,4.2,9.5,39.5
ピーナッツパン（ぴーなっつぱん）,290.0,6.5,13.0,36.5
チョココローネ（ちょこころーね）,260.0,5.8,8.5,40.0
ちぎりパン（ちぎりぱん）,230.5,5.5,4.5,41.5
レーズンパン（れーずんぱん）,140.0,3.2,1.5,28.5
くるみパン（くるみぱん）,170.5,4.5,5.5,25.5
蒸しパン（むしぱん）,260.0,5.0,4.5,50.0
ピザまん（ぴざまん）,200.5,7.0,5.5,30.5
カレーまん（かれーまん）,190.0,6.5,4.5,31.0
フライドチキン（ふらいどちきん）,280.0,15.5,19.0,11.5
からあげ（からあげ）,240.5,13.0,16.0,11.0
ハムカツ（はむかつ）,190.5,6.5,13.0,11.5
メンチコロッケ（めんちころっけ）,220.5,6.0,13.5,18.5
とり天（とりてん）,90.5,8.0,4.5,4.5
ちくわ磯辺揚げ（ちくわいそべあげ）,110.0,4.5,5.5,10.5
さつまいも天（さつまいもてん）,120.5,1.2,4.0,20.0
かぼちゃ天（かぼちゃてん）,110.0,1.5,4.2,16.5
ナス天（なすてん）,70.5,0.7,5.5,4.5
春雨サラダ（はるさめさらだ）,110.5,1.5,3.0,19.0
ごぼうサラダ（ごぼうさらだ）,130.0,1.5,10.0,8.5
チョレギサラダ（ちょれぎさらだ）,85.0,1.2,7.5,3.2
大根サラダ（だいこんさらだ）,45.5,0.8,2.5,4.8
海藻サラダ（かいそうさらだ）,35.0,1.0,1.5,4.2
豆腐サラダ（とうふさらだ）,95.5,5.2,5.0,4.5
バンバンジーサラダ（ばんばんじーさらだ）,160.0,12.5,10.5,3.8
ツナサラダ（つなさらだ）,120.5,6.5,9.0,3.5
コーンサラダ（こーんさらだ）,80.0,1.8,2.5,12.5
かぼちゃサラダ（かぼちゃさらだ）,140.5,2.0,7.0,17.5
チキンサラダ（ちきんさらだ）,115.0,14.5,5.0,1.5
タマゴサラダ（たまごさらだ）,180.5,6.2,16.0,2.5
アボカドサラダ（あぼかどさらだ）,160.0,2.0,14.5,5.5
トマトカプレーゼ（とまとかぷれーぜ）,130.5,5.5,11.0,2.8
ブロッコリーマヨ（ぶろっこりーまよ）,90.0,2.5,8.0,3.0
ほうれん草おひたし（ほうれんそうおひたし）,25.5,1.8,0.2,2.5
小松菜煮浸し（こまつなにびたし）,35.0,1.5,1.0,3.5
ナス味噌炒め（なすみそいため）,130.5,2.2,9.5,9.0
麻婆ナス（まーぼーなす）,210.0,5.5,16.0,11.5
エビマヨ（えびまよ）,260.5,10.0,18.5,13.5
水餃子（すいぎょうざ）,170.0,7.5,8.0,17.0
小籠包（しょうろんぽう）,150.0,6.8,8.0,12.5
春巻（はるまき）,140.5,3.5,8.5,12.5
ごま団子（ごまだんご）,130.0,2.0,5.5,18.0
エビ蒸し餃子（えびむしぎょうざ）,95.5,5.0,2.5,13.0
豆腐ステーキ（とうふすてーき）,140.0,8.5,9.5,5.0
揚げ出し豆腐（あげだしどうふ）,160.5,6.8,11.0,8.5
厚揚げ焼き（あつあげやき）,150.0,9.5,11.5,2.0
がんもどき煮（がんもどきに）,110.5,6.0,7.5,4.5
茶碗蒸し（ちゃわんむし）,75.0,6.2,4.5,2.5
伊達巻（だてまき）,90.5,3.5,2.2,14.0
錦糸卵（きんしたまご）,60.0,4.2,4.5,0.5
親子煮（おやこに）,220.5,21.5,11.0,8.5
かつ煮（かつに）,410.0,19.0,28.5,19.0
ポークソテー（ぽーくそてー）,320.5,21.0,25.0,1.5
豚の生姜焼き（ぶたのしょうがやき）,260.0,16.5,19.0,5.5
チキンソテー（ちきんそてー）,270.0,24.5,18.0,1.0
よだれ鶏（よだれどり）,180.0,22.0,8.5,3.5
タンドリーチキン（たんどりーちきん）,210.5,23.5,11.0,4.0
ローストチキン（ろーすとちきん）,230.0,25.0,13.5,0.5
照り焼きチキン（てりやきちきん）,260.5,22.5,14.0,11.0
ビーフステーキ（びーふすてーき）,350.5,22.0,28.0,0.5
煮込みハンバーグ（にこみはんばーぐ）,310.0,17.0,20.5,14.0
ビーフシチュー（びーふしちゅー）,340.5,15.5,22.0,19.5
クリームシチュー（くりーむしちゅー）,280.0,12.5,16.5,20.5
クラムチャウダー（くらむちゃうだー）,160.5,5.5,9.5,13.0
ミネストローネ（みねすとろーね）,95.0,2.8,3.5,13.5
オニオングラタンスープ（おにおんぐらたんすーぷ）,180.5,6.5,9.0,18.5
コーンポタージュ（こーんぽたーじゅ）,120.0,2.2,4.5,17.5
パンプキンスープ（ぱんぷきんすーぷ）,110.5,1.8,3.8,17.0
味噌汁（わかめ・とうふ）（みそしるわかめとうふ）,45.0,2.5,1.2,5.8
豚汁（とんじる）,140.5,8.5,8.0,8.5
三平汁（さんぺいじる）,110.0,9.5,3.5,10.0
けんちん汁（けんちんじる）,85.5,3.2,3.0,11.2
潮汁（うしおじる）,35.0,5.5,0.5,1.5
お吸い物（おすいもの）,15.5,0.8,0.1,2.8
鮭のムニエル（さけのむにえる）,210.0,20.0,12.5,4.0
ブリ大根（ぶりだいこん）,180.0,14.5,8.5,11.5
鯛のあら炊き（たいのあらだき）,160.5,16.0,6.5,9.0
タラの白身フライ（たらのしろみふらい）,190.5,10.5,11.0,12.0
マグロの竜田揚げ（まぐろのたつたあげ）,220.0,18.0,11.5,11.0
カツオのたたき（かつおのたたき）,120.5,21.0,3.0,0.3
アジの南蛮漬け（あじのなんばんづけ）,170.0,12.5,8.5,10.5
イワシの生姜煮（いわしのしょうがに）,195.5,16.5,12.5,4.0
うなぎの蒲焼き（うなぎのかばやき）,290.0,23.0,21.0,2.5
しめサバ（しめさば）,240.5,16.5,19.0,0.8
イカの塩辛（いかのしおから）,65.0,8.2,0.8,6.2
タコ酢（たこす）,40.5,6.5,0.2,3.0
もずく酢（もずくす）,25.0,0.3,0.0,6.0
めかぶ（めかぶ）,15.5,0.6,0.1,3.0
海苔佃煮（のりつくだに）,35.0,0.8,0.1,7.8
小魚佃煮（こざかなつくだに）,95.5,8.5,2.0,10.5
黒豆煮（くろまめに）,140.0,4.8,3.2,23.0
栗きんとん（くりきんとん）,170.5,1.2,0.4,40.5
昆布巻き（こんぶまき）,65.0,2.5,1.2,11.0
数の子（かずのこ）,50.5,6.5,2.5,0.5
ハンペン（はんぺん）,45.5,4.8,0.1,6.2
ボンゴレビアンコ（ぼんごれびあんこ）,510.0,16.5,12.5,82.5
イカスミパスタ（いかすみぱすた）,540.5,18.0,13.5,86.5
ジェノベーゼ（じぇのべーぜ）,630.0,13.5,26.0,85.5
ラザニア（らざにあ）,510.0,21.5,24.0,52.0
豚骨醤油ラーメン（とんこつしょうゆらーめん）,650.5,24.0,26.5,79.0
担々麺（たんたんめん）,690.0,22.0,28.5,86.0
酸辣湯麺（すーらーたんめん）,530.0,19.5,16.0,76.5
ワンタン麺（わんたんめん）,520.5,21.0,11.5,83.0
チャーシュー麺（ちゃーしゅーめん）,610.0,32.0,16.5,83.5
油そば（あぶらそば）,780.0,22.5,34.0,96.0
汁なし担々麺（しるなしたんたんめん）,740.5,21.5,31.0,93.5
冷やし中華（ひやしちゅうか）,510.0,17.5,8.5,91.0
力うどん（ちからうどん）,460.5,10.0,1.5,101.5
月見うどん（つきみうどん）,395.0,14.0,6.2,70.5
釜玉うどん（かまたまうどん）,390.5,13.5,5.8,71.0
肉そば（にくそば）,510.0,23.0,11.5,78.0
月見そば（つきみそば）,415.5,20.5,7.0,67.5
とろろそば（とろろそば）,390.5,15.5,2.0,77.5
おろしそば（おろしそば）,350.0,14.5,1.8,69.0
鴨南蛮そば（かもなんばんそば）,530.5,24.5,12.5,79.5
焼きビーフン（やきびーふん）,380.0,9.5,10.5,61.5
冷麺（れいめん）,460.5,13.5,4.5,91.0
ジャージャー麺（じゃーじゃーめん）,590.0,18.5,19.5,85.0
長崎皿うどん（ながさきさらうどん）,620.5,16.0,23.5,86.0
酢飯（すめし）,260.0,3.8,0.4,60.5
赤飯（せきはん）,290.5,5.8,0.8,65.0
炊き込みご飯（たきこみごはん）,310.0,6.5,3.5,63.0
栗ご飯（くりごはん）,280.5,4.5,0.8,64.0
豆ご飯（まめごはん）,260.0,6.2,1.0,56.5
高菜チャーハン（たかなちゃーはん）,540.5,11.5,14.5,91.0
キムチチャーハン（きむちちゃーはん）,560.0,12.0,15.0,94.0
ハヤシライス（はやしらいす）,640.5,12.5,19.0,104.5
鉄火丼（てっかどん）,490.0,25.0,1.8,92.5
ネギトロ丼（ねぎとろどん）,560.5,21.5,12.5,90.0
うな丼（うなどん）,620.5,24.5,19.0,87.5
中華丼（ちゅうかどん）,540.0,14.5,13.0,91.0
麻婆豆腐丼（まーぼーどうふどん）,590.5,15.5,19.0,89.5
スタミナ丼（すたみなどん）,740.0,24.5,26.0,101.5
キンパ（きんぱ）,380.5,9.5,8.5,66.5
鮭おにぎり（さけおにぎり）,170.0,4.2,0.8,36.5
梅おにぎり（うめおにぎり）,160.5,2.8,0.3,36.5
おかかおにぎり（おかかおにぎり）,165.0,3.5,0.4,36.8
昆布おにぎり（こんぶおにぎり）,165.5,3.0,0.3,37.5
ツナマヨおにぎり（つなまよおにぎり）,210.0,4.5,5.8,35.0
明太子おにぎり（めんたいこおにぎり）,170.5,4.5,0.6,36.5
たらこおにぎり（たらこおにぎり）,170.0,4.5,0.6,36.5
天むす（てんむす）,190.5,3.8,4.5,33.5
肉巻きおにぎり（にくまきおにぎり）,230.0,7.5,6.5,35.5
焼きおにぎり（やきおにぎり）,150.0,2.8,0.4,33.5
いなり寿司（いなりずし）,115.5,3.2,3.5,17.8
太巻き（ふとまき）,190.0,4.5,2.5,37.5
カッパ巻き（かっぱまき）,90.5,1.5,0.2,20.5
鉄火巻き（てっかまき）,110.0,4.8,0.4,21.8
納豆巻き（なっとうまき）,130.5,4.2,1.2,25.5
ネギトロ巻き（ねぎとろまき）,150.0,4.5,4.2,23.5
握り寿司盛り合わせ（にぎりずしもりあわせ）,520.5,24.0,5.5,93.5
ハニートースト（はにーとーすと）,380.5,6.0,14.5,56.0
ピザトースト（ぴざとーすと）,290.0,9.5,11.0,36.5
たまごトースト（たまごとーすと）,310.0,10.5,15.5,31.5
ツナマヨトースト（つなまよとーすと）,320.5,9.5,16.5,32.0
チーズトースト（ちーずとーすと）,270.0,9.0,11.5,31.5
あんこトースト（あんことーすと）,310.5,6.5,6.0,57.5
明太マヨトースト（めんたいまよとーすと）,330.0,8.5,18.5,31.5
ガーリックトースト（がーりっくとーすと）,190.5,3.8,8.5,24.5
コーンマヨトースト（こーんまよとーすと）,290.0,5.5,13.5,35.5
ピロシキ（ぴろしき）,260.5,7.5,11.5,31.0
パニーニ（ぱにーに）,340.0,12.5,13.0,42.5
クロックムッシュ（くろっくむっしゅ）,390.5,14.5,19.0,38.0
ナン（なん）,260.5,7.5,2.5,52.0
チーズナン（ちーずなん）,440.0,16.5,16.5,55.5
ガーリックナン（がーりっくなん）,280.5,7.8,4.5,52.0
ピタパン（ぴたぱん）,160.0,5.5,0.8,32.5
タコス（たこす）,210.5,9.5,9.5,21.5
ブリトー（ぶりとー）,320.0,13.5,12.5,38.0
シナモンロール（しなもんろーる）,360.0,4.8,14.5,52.5
チョコデニッシュ（ちょこでにっしゅ）,340.0,5.2,19.5,36.0
メープルデニッシュ（めーぷるでにっしゅ）,320.5,4.2,16.5,38.5
カスタードデニッシュ（かすたーどでにっしゅ）,290.0,4.8,14.5,35.0
プレッツェル（ぷれっつぇる）,210.5,5.5,2.0,42.5
マフィン（まふぃん）,280.0,4.2,13.5,35.5
チョコドーナツ（ちょこどーなつ）,290.5,3.8,17.5,29.5
オールドファッション（おーるどふぁっしょん）,330.0,3.5,21.0,32.0
フレンチクルーラー（ふれんちくるーらー）,170.5,2.0,12.5,12.5
ポンデリング（ぽんでりんぐ）,230.0,1.5,13.0,26.5
ツインシュー（ついんしゅー）,260.0,5.2,18.5,18.0
ワッフルコーンアイス（わっふるこーんあいす）,290.5,4.8,13.0,38.5
バニラカップアイス（ばにらかっぷあいす）,220.0,3.8,12.5,23.0
チョコモナカジャンボ（ちょこもなかじゃんぼ）,300.5,4.2,16.5,34.0
あずきバー（あずきばー）,110.0,2.5,0.3,24.5
ガリガリ君（がりがりくん）,70.5,0.0,0.0,17.5
しろくま（しろくま）,210.0,3.2,3.5,41.5
ピノ（ぴの）,31.5,0.4,2.0,2.9
雪見だいふく（ゆきみだいふく）,85.0,0.9,2.2,15.5
ハーゲンダッツバニラ（はーげんだっつばにら）,244.5,4.5,16.1,20.0
クレープアイス（くれーぷあいす）,180.0,2.5,9.5,21.0
パピコ（ぱぴこ）,85.5,1.0,2.5,14.8
クーリッシュ（くーりっしゅ）,140.0,1.8,4.8,22.5
スーパーカップバニラ（すーぱーかっぷばにら）,374.5,5.6,22.3,37.8
パリパリバー（ぱりぱりばー）,90.0,1.2,5.8,8.2
パフェアイス（ぱふぇあいす）,260.5,3.8,11.5,35.5
コーヒーゼリー（こーひーぜりー）,90.0,1.2,2.5,15.5
ミルクプリン（みるくぷりん）,150.5,4.2,7.0,17.5
焼きプリン（やきぷりん）,180.0,5.8,7.5,22.5
マンゴープリン（まんごーぷりん）,120.5,1.8,2.8,21.8
とろけるプリン（とろけるぷりん）,210.0,4.0,14.5,16.0
牛乳寒天（ぎゅうにゅうかんてん）,80.5,2.5,1.8,13.5
スイートポテト（すいーとぽてと）,160.0,1.8,6.5,23.5
大学芋（だいがくいも）,220.5,1.5,7.0,37.5
焼き芋（やきいも）,160.0,1.4,0.2,38.5
干し芋（ほしいも）,150.5,1.6,0.3,35.5
甘栗（あまぐり）,100.5,2.2,0.6,21.5
参鶏湯（さむげたん）,135.0,11.2,6.5,7.8
韓国テールスープ（かんこくてーるすーぷ）,210.0,14.5,15.2,2.1
トムカーガイ（とむかーがい）,165.0,6.8,12.5,5.2
ユッケジャンスープ（ゆっけじゃんすーぷ）,180.0,9.5,11.2,8.5
粕汁（かすじる）,145.0,7.2,3.5,16.5
石狩汁（いしかりじる）,125.0,9.8,4.2,8.8
のっぺい汁（のっぺいじる）,85.0,3.2,1.5,12.4
具沢山豚汁（ぐだくさんとんじる）,155.0,8.5,8.2,11.0
ちゃんこ風塩スープ（ちゃんこふうしおすーぷ）,110.0,9.2,4.5,6.5
ブイヤベース（ぶいやべーす）,140.0,13.5,4.8,7.2
チキンコンソメスープ（ちきんこんそめすーぷ）,35.0,2.5,0.8,4.2
具沢山ミネストローネ（ぐだくさんみねすとろーね）,95.0,3.1,2.2,14.8
レンズ豆スープ（れんずまめすーぷ）,130.0,7.8,1.5,20.2
カレースープ（かれーすーぷ）,105.0,4.2,4.8,10.5
タマゴスープ（たまごすーぷ）,55.0,3.8,3.2,2.5
キムチチゲ（きむちちげ）,160.0,10.5,8.5,9.2
マグロ赤身握り2貫（まぐろあかみにぎりにかん）,60,7.8,0.4,6.2
サーモン握り2貫（さーもんにぎりにかん）,80,6.8,3.2,6.0
ハマチ握り2貫（はまちにぎりにかん）,85,7.2,3.8,6.0
エビ握り2貫（えびにぎりにかん）,55,5.5,0.3,6.8
いくら軍艦2貫（いくらぐんかんにかん）,90,5.5,3.8,8.5
うに軍艦2貫（うにぐんかんにかん）,85,5.2,2.8,9.0
タマゴ握り2貫（たまごにぎりにかん）,90,3.2,2.5,12.5
イカ握り2貫（いかにぎりにかん）,55,5.8,0.4,6.5
アナゴ握り2貫（あなごにぎりにかん）,95,7.0,3.5,8.0
コハダ握り2貫（こはだにぎりにかん）,65,5.5,1.8,6.5
ホタテ握り2貫（ほたてにぎりにかん）,65,6.2,0.5,7.5
カニ軍艦2貫（かにぐんかんにかん）,70,5.8,0.8,9.0
中トロ握り2貫（ちゅうとろにぎりにかん）,105,6.5,5.8,6.2
カツオ握り2貫（かつおにぎりにかん）,65,8.0,1.0,6.0
サバ握り2貫（さばにぎりにかん）,95,7.2,4.5,6.2
アジ握り2貫（あじにぎりにかん）,70,6.8,1.8,6.5
カルビ(かるび),410.0,14.5,38.2,0.2
タン塩(たんしお),270.0,15.2,22.0,0.2
ハラミ(はらみ),290.0,16.1,23.5,0.3
ロース(ろーす),240.0,19.3,16.5,0.2
上カルビ(じょうかるび),510.0,12.8,49.5,0.1
上タン(じょうたん),320.0,14.8,27.5,0.2
牛タン(ぎゅうたん),270.0,15.2,22.0,0.2
ミノ(みの),180.0,16.8,11.5,0.0
ホルモン(ほるもん),160.0,10.2,12.5,0.1
レバー(ればー),130.0,19.6,3.7,3.7
センマイ(せんまい),60.0,11.5,1.3,0.0
ハツ(はつ),140.0,16.5,7.5,0.1
豚カルビ(ぶたかるび),380.0,13.4,35.2,0.1
豚トロ(とんとろ),450.0,11.2,44.5,0.1
鶏もも(とりもも),200.0,16.2,14.0,0.0
砂肝(すなぎも),90.0,18.2,1.8,0.0
特上カルビ(とくじょうかるび),580.0,11.5,57.0,0.1
厚切り牛タン(あつぎりぎゅうたん),340.0,14.2,29.8,0.2
ネギ塩タン(ねぎしおたん),290.0,14.8,23.5,1.2
中落ちカルビ(なかおちかるび),430.0,13.8,40.5,0.2
骨付きカルビ(ほねつきかるび),390.0,15.0,35.5,0.1
カイノミ(かいのみ),280.0,17.5,22.0,0.2
イチボ(いちぼ),250.0,18.2,18.5,0.2
ランプ(らんぷ),210.0,20.5,13.2,0.2
ミスジ(みすじ),290.0,16.8,23.4,0.2
ギアラ(ぎあら),210.0,12.1,17.2,0.0
コブクロ(こぶくろ),75.0,14.2,1.7,0.1
シマチョウ(しまちょう),180.0,9.8,15.2,0.1
鶏せせり(とりせせり),210.0,15.5,15.8,0.0
豚肩ロース(ぶたかたろーす),250.0,17.1,19.2,0.1
白菜キムチ(はくさいきむち),25.0,1.2,0.1,5.2
カクテキ(かくてき),27.0,1.0,0.1,5.8
オイキムチ(おいきむち),22.0,0.9,0.1,4.7
キムチ盛り合わせ(きむちもりあわせ),45.0,1.8,0.2,9.5
ナムル盛り合わせ(なむるもりあわせ),120.0,2.8,9.5,6.5
もやしナムル(もやしなむる),45.0,1.8,3.2,2.5
チョレギサラダ(ちょれぎさらだ),85.0,1.2,7.5,3.8
サンチュ(さんちゅ),10.0,0.6,0.1,1.5
白ごはん(しろごはん),270.0,4.2,0.5,59.0
大盛りごはん(おおもりごはん),400.0,6.2,0.7,87.0
わかめスープ(わかめすーぷ),35.0,1.5,1.8,3.2
卵スープ(たまごすーぷ),55.0,3.2,3.5,2.5
ユッケジャンスープ(ゆっけじゃんすーぷ),180.0,8.5,12.2,9.0
テグタンスープ(てぐたんすーぷ),190.0,9.2,12.8,9.5
コムタンスープ(こむたんすーぷ),220.0,14.5,15.2,2.5
クッパ(くっぱ),380.0,9.5,8.2,65.0
ユッケジャンクッパ(ゆっけじゃんくっぱ),510.0,14.5,16.2,73.0
石焼ビビンバ(いしやきびびんば),680.0,16.5,19.5,104.0
チヂミ(ちぢみ),320.0,7.5,12.5,42.0
トッポギ(とっぽぎ),350.0,5.2,2.5,74.0
